2018-11-25T19:27:54," The  NEXT  @AnthonyNolan COLLECTION is   
    Saturday 8th. December @waitrose #FORMBY
 Could You Come + Help 4A Few Hours +Help Save Lives  DM 4More INFO  @damienmooremp pic.twitter.com/Q0v4NMRROI"
2018-11-01T09:46:34,Absolutely right Damien. Recently in a full Council meeting they were questioned about the failure of the Southport Market. The Cabinet Member was drowning. They just haven’t got a clue about business or the role of infrastructure.
2018-11-01T12:32:02,.@damienmooremp Thank you for your contribution to the shale gas #fracking debate: https://www.theyworkforyou.com/whall/?id=2018-10-31a.393.0&amp;s=speaker%3A25630#g399.2 … @1010
2018-11-23T19:25:30,Spot on. Labour Sefton council only use Southport residents for the council tax! They’re not interested in how we want it to be spent.https://twitter.com/MartynPBarber1/status/1058513174746578944 …
2018-11-20T18:41:18,"Interesting discussions and Q&amp;A at the 6th All-Party Parliamentary Group on #Blockchain chaired by @damienmooremp at the @UKParliament
#APPG_blockchainpic.twitter.com/GHcWpEKqfj"
2018-11-21T17:29:13,"Interesting, challenging and stimulating discussion about #blockchain. Me and fellow panellists. Thanks to @BigInnovCentre @damienmooremp @peterhunnpic.twitter.com/9M8MTbQKie"
2018-11-23T17:39:44,"Southport MP @damienmooremp lays the foundation stone for Belong's eight village, in Birkdale, Merseyside. https://www.belong.org.uk/news/2018/11/mp-damien-moore-takes-up-a-new-seat-in-birkdale …pic.twitter.com/29EK9b2XFO"
2018-11-23T13:10:48,Thank you to everyone who helped me try and make Southport plastic free!pic.twitter.com/2brMjpxOw8
2018-11-23T12:38:45,"Jess, who's running a fantastic Stop Single Use campaign in Southport, points out that tiny things like cigarette butts and bottle tops can be just as damaging to our environment as the bigger plastics that build up on our beaches.pic.twitter.com/YcVncN1nDs"
2018-11-23T12:30:14,"Amazing turnout for our beach clean today - including great volunteers from the Ocean Plaza @McDonalds. 

Southport Beach also looking incredible in the winter light!pic.twitter.com/gLRy95NhNl"
2018-11-15T10:00:12,"Today the Defence Secretary is launching the first UK-wide Veterans Strategy, helping support those who served, as well as their families, in every aspect of their lives once they have hung up their uniform.pic.twitter.com/1NABlQD7U2"
2018-11-02T12:29:10,"@damienmooremp our local MP is touring our hospital today. Here with some of the fantastic emergency department team. This is our recently opened clinical decision unit, which extends A&amp;E capacity.pic.twitter.com/ELSYWCCavv"
2018-11-02T13:34:39,"A&amp;E matron Jane showing @damienmooremp around the renovation work, 60% of the unit will open on Monday pic.twitter.com/YjAC1BJkbX"
2018-11-02T10:00:07,"In support of #WW 100-year anniversary, the rail industry is offering free rail travel to all active British military personnel travelling to Remembrance services on 11 November. Present a valid Military ID or wear your military uniform on the day and travel for free #ThankYou100"
2018-10-31T11:00:45,"There's widespread dissatisfaction with @seftoncouncil in our town, but leader Ian Maher just makes cheap remarks. No wonder so many residents tell me things need to change.pic.twitter.com/efFJaAGepj"
2018-10-30T11:00:52,Southport sends many of our fantastic students to @LivUni. I loved touring the campus with Professor Fiona Beveridge - especially seeing the cutting edge Materials Innovation Factory and Central Teaching Laboratories.pic.twitter.com/SiP9BXbSBY
2018-10-29T10:00:53,"A stronger police presence is a key part of my plan for Southport. I recently met with @NickHurdUK, the policing minister, to discuss keeping our town safe and secure.pic.twitter.com/BfUiv8eOob"
2018-10-26T13:53:30,Congratulations!https://twitter.com/RuthDavidsonMSP/status/1055819124788678657 …
2018-10-26T09:00:33,"My next surgery will be on Friday 23rd November. If you have an issue that you'd like to discuss with me, please get in touch.pic.twitter.com/bMPr2jyBn5"
2018-10-24T11:47:22,As part of Colleges Week we invited MP @damienmooremp to visit the College and tour the new facilities. It was also an opportunity for the students to discuss their experience at KGV. Read more here --&gt; https://www.kgv.ac.uk/news/2018-10-19-mp-damien-moore-visits-kgv-in-colleges-week … #MP #tourpic.twitter.com/4bmc5AKTkk
2018-10-24T09:00:20,"There is widespread dissatisfaction with @seftoncouncil, according to my survey. If you want to express your views, just click this link:https://buff.ly/2LiSr7Y "
2018-10-23T15:00:26,"This afternoon I asked a Health &amp; Social Care question to the Minister of State, Stephen Barclay MP, about the recycling of equipment at Southport Hospital. 

You can watch my question and the Minister's response below.pic.twitter.com/PA6eO2iBbm"
2018-10-23T09:00:15,"Two thousand British people need a stem cell transplant every year to survive. I met with @kevdunne2 to talk about the work he's doing with #stemcellscours.

@AnthonyNolan is looking for both donors and volunteers. Please contact them.pic.twitter.com/iArwRP8qKh"
2018-10-22T15:01:10,"Today, I am supporting Claire House Children's Hospice in their urgent appeal to reach every dying child.

You can help Claire House reach #EveryDyingChild by texting EVERY CHILD to 70500 to donate £5.pic.twitter.com/dmqKiOsuJC"
2018-10-22T09:00:10,"By 2020, the number of plastics in our ocean will be ten times more than it is now - unless we do something about it. 

On Friday 23rd November, I'll be picking up destructive plastics with some great local volunteers. Please join us.pic.twitter.com/AyVsl7IgPp"
2018-10-19T19:51:35,"Fantastic Q&amp;A from @damienmooremp, some amazing answers on Brexit, freedom of speech, and technology pic.twitter.com/QpMydAXgHa"
2018-10-19T21:46:20," Fantastic  Meeting  With  and HONOURED 2Have
@damienmooremp Supporting #StemCellScousers @AnthonyNolan #MerseysideDefeatingBloodCancerpic.twitter.com/91AiI02dDY"
2018-10-19T11:59:32,Talking with some great students at @kgvcollege about everything they want to do in the future.pic.twitter.com/WQrrIXJHEo – At King George V College
2018-10-19T09:00:17,"The @BCE2018 have suggested changes to our constituency, and I want to know what you think about them. Click the link and take my surveyhttps://buff.ly/2HGS0P6 "
2018-10-18T09:00:39,"Our town's hospitality sector regularly caters to tens of thousands of tourists. Enda Ryland, the chief operating officer of The Waterfront Southport, joined me in Parliament to celebrate everyone who works in our bars, cafés, hotels, and restaurants.pic.twitter.com/GTJJsvfNL0"
2018-10-17T16:01:15,"Thanks to @MattHancock and our Conservative government, @seftoncouncil will receive over a million and a half pounds to help prepare the NHS for winter.pic.twitter.com/PsmlhAa1TN"
2018-10-17T09:00:47,"Wesley Street received a Special Mention from @TheGBHighSt Awards last week, but other places in our town are really struggling against big online retailers. So I welcomed @PhilipHammondUK's idea of a Digital Services Tax.pic.twitter.com/wyh27Z2l7I"
2018-10-16T15:01:25,"I've joined fellow MPs in adding my name to a letter to @theresa_may, expressing our grave concern over the hounding of our military veterans."
2018-10-16T14:01:24,Thanks @damienmooremp - we really enjoyed it! It was a really good event!
2018-10-16T11:56:37,"Thank you to everyone who came to my seniors fair last Friday, as well as those who made it possible - especially @FletchersLegalpic.twitter.com/H95is3Nhb7"
2018-10-16T09:00:43,"I'm really proud of the work that so many people in our town do to fight antisemitism. 

Speaking to @JewishChron I talk about why I'm a committed defender of the State of Israel, as well as our Jewish friends and neighbours in Southport.https://buff.ly/2RIztHp "
2018-10-15T11:00:47,"Around two hundred people attended my first Seniors Fair Friday. Thank you to everyone involved, including @FletchersLegal, @U3A_UK, @AgeUKLancashire, @alzheimerssocpic.twitter.com/vwomB1vDrn"
2018-10-12T09:37:21,Lots of information being given out already at the @damienmooremp community event in #Southport Great to be able to support people with services and share #winterwarmth tipspic.twitter.com/VtOSyX4yNb
2018-10-12T12:07:17,"Two of our fantastic local councillors, Harry Bliss and Sir Ron Watson, joining me at my Seniors Fair this afternoon.pic.twitter.com/SigY6bkB7o"
2018-10-11T10:20:48,Southport MP @damienmooremp tells the @JewishChron about his support for the Jewish community both locally and nationally following his engagement with the JLC. He also reflects on his visits to @JamiPeople and @Jewish_Carehttps://www.thejc.com/news/uk-news/he-may-have-only-500-jews-but-he-s-one-of-israel-s-biggest-defenders-1.470777 …
2018-10-11T09:00:17,"There are nearly 5000 people living with dementia in our area. At my Seniors Fair tomorrow, the @alzheimerssoc will be there to provide advice and support. Please come along.https://buff.ly/2zJa4qa "
2018-10-10T11:00:37,"I’m pleased to hear that @pladis_Global is supporting and empowering its 4,500 UK employees by increasing training and awareness around mental health #WorldMentalHealthDay"
2018-10-10T09:00:06,.@U3A_UK provides excellent education courses for older people. They'll be at my Seniors Fair this Friday. It starts from 10am at Dunes Splash World. Hope to see you there! https://buff.ly/2zJa4qa pic.twitter.com/U1peXGckTE
2018-10-09T09:00:08,"Our town has the only flat green bowling club in our area. If you fancy joining, they'll be at my Seniors Fair this Friday. 

The fair starts from 10am at Dunes Splash World. Looking forward to seeing you there! https://buff.ly/2zJa4qa pic.twitter.com/OSb8Ck328V"
2018-10-08T11:00:49,"My Seniors Fair is this Friday. Among many attractions, you'll get to meet the wonderful people at @SeftonOPERA.  

The fair will start from 10am at Dunes Splash World. Please join us!https://buff.ly/2zJa4qa "
2018-10-05T11:00:13,I'm very happy to support @nigelmp's call for a cut in beer duty and scrapping the annual RPI inflationary increases.pic.twitter.com/E862cPGp7v
2018-10-05T09:00:31,"Lipreading can reduce the isolation that those with hearing difficulties can sometimes feel. I really enjoyed taking a class at the Southport Fire Station. 

If you'd like to take part, classes are held every Friday between either 10.15am and 12.15pm or 1.15pm and 3.15pm.pic.twitter.com/ql3pcREhGA"
2018-10-04T13:00:28,"Teachers could ask MPs questions, take part in workshops about how our democracy works, and explore new teaching ideas as part of Parliament's Teacher Ambassador Programme. Click the link and find out how to apply!https://buff.ly/2RpXMdm "
2018-10-04T12:05:42,"Out of nearly 300 entries, Wesley Street received a Special Mention from @TheGBHighSt Awards. Let's see if we can get even further next year! @SouthportBID @JakeBerrypic.twitter.com/fG1lu0dXoZ"
2018-10-04T11:00:20,"Your good cause could receive between £1000 and £25,000 from the @AvivaUK Community Fund. Applications close next next Tuesday. Click the link and check out the details! https://buff.ly/2NZ2hMR "
2018-10-01T11:45:06,Pretty sure people in Southport would agree! We pay tens of thousands more in Council Tax than any other area in Sefton...pic.twitter.com/zHYXDKv87j
2018-09-28T13:00:12,"The independent @BCE2018 has recommended changes to our constituency. I want to know your views on a new, bigger Southporthttps://buff.ly/2HGS0P6 "
2018-09-27T11:01:12,"Lipreading can reduce the isolation that those with hearing difficulties can sometimes feel. I really enjoyed taking a class at the Southport Fire Station. 

If you would like to take part, they're held every Friday: 10.15am to 12.15pm and 1.15pm to 3.15pm.pic.twitter.com/OAeBG4q0gI"
2018-09-25T13:49:27,@damienmooremp is encouraging others to get their eyes tested this National Eye Health Week. Here he is at Southport opticians Batty and Dexter ...   #EyeWeekpic.twitter.com/9SC2OKAZqe
2018-09-26T09:00:12,"If you're a constituent and need my help, please get in touch and we can talk at one of my regular surgeries.pic.twitter.com/WBcO7uaQ0h"
2018-09-25T15:20:24,I really enjoyed meeting @Barclays' great Southport team. We discussed everything they're doing for people and businesses in our town.pic.twitter.com/2MZenJnUnS
2018-09-24T20:00:14,Thank you to @damienmooremp who is supporting National Eye Health Week by getting his eyes tested. Over 50% of sight loss is avoidable. #EyeWeek #VisionMattershttps://twitter.com/damienmooremp/status/1044172742621360129 …
2018-09-24T10:43:59,"Prevention is better than cure! Try to get your eyes tested, whether they seem fine or not.pic.twitter.com/KT3giRyIl2"
2018-09-24T10:32:36,"It's National Eye Health Week! Please visit your nearest opticians and check your eyesight. 

Big thank you to @Gallowaysblind and Karl Spinks, from @BattyandDexter, for helping me take my test today.pic.twitter.com/0sU91NkGN0"
2018-09-21T17:29:33,"I want us to have a good relationship with our European allies after Brexit, but it's only possible if the EU respects Britain and respects the referendum. @theresa_may is right to be robust in defending our country."
2018-09-21T13:37:58,Rail replacement buses are now running between St George's Hall - Hunts Cross and vice versa.
2018-09-21T13:14:44,"Due to trees obstructing the line:

Services on the Hunts Cross line continue to start and terminate at Liverpool Central.

Services on the Southport line are starting/terminating at Hillside 

Replacement buses have been requested but are not yet in operation."
2018-09-21T09:00:24,"I'm really inspired by our town's veterans, as well as the volunteers who provide them with such vital advice and support.pic.twitter.com/C6NmtNkEv7"
2018-09-20T09:00:25,"Over twelve million tonnes of plastic end up in the oceans. Given the importance of our seafront to our town, I believe we need to do our part to fight this. So please join me to pick up destructive plastic!pic.twitter.com/mvDqqOb4lW"
2018-09-19T09:00:21,I had a great time at @SONHStrust's recent open day. The teddy bear clinic was especially popular!pic.twitter.com/UtVMu6w0sU
2018-09-18T09:00:00,Southport would be part of Lancashire again if @BCE2018's changes were approved. How do you feel about this? Click the link and tell mehttps://buff.ly/2HGS0P6 
2018-09-17T09:00:06,Do you have a problem you want to talk to me about? Please call or email me to arrange a surgery appointment.pic.twitter.com/r9z9HAnsAo
2018-09-14T09:00:39,The retail industry pays far more in Business Rates than any other industry. So I was very happy to support @biraofficial's new manifesto about reviewing the rates.pic.twitter.com/lACOQ8rEZw
2018-09-13T09:00:02,".@SONHStrust hospital will be given £280,000 to prepare for the challenges that come with winter. I met with the Health Secretary, @MattHancock, to discuss our great NHS.pic.twitter.com/AG0rc6qiDp"
2018-09-12T09:00:00,"This week, @BCE2018 recommended the creation of a new, bigger Southport. I want to know how you feel about the changeshttps://buff.ly/2HGS0P6 "
2018-09-11T14:11:28,Thank you so much for your show of support at our Sandpipers holiday centre @damienmooremp! Was wonderful to welcome you and we hope to see you again soon
2018-09-11T11:00:07,"In August, many brilliant volunteers joined me for a clean up of Ainsdale beach. We filled dozens of bags of destructive plastic. It was such a success that, on 23rd November, we'll be doing another beach clean! 

Please join us and make a difference to our town.pic.twitter.com/ta4swuO6PI"
2018-09-10T09:00:23,".@seftoncouncil don't invest enough in Southport. 

That's the view of the majority of people who've responded to our survey. If you want to take part, click the link.https://buff.ly/2LiSr7Y "
2018-09-08T12:07:48,"Delighted attend the 52nd 24 Hour Yacht Race in Southport today with the Mayor, Cllr Dave Robinson. Good luck to the 77 clubs taking part!pic.twitter.com/2HA6J6CegQ"
2018-09-07T13:00:32,I was very happy to show my support to everyone who makes @RevitaliseNow and Sandpipers possible. They provide important respite to disabled people and their carers.pic.twitter.com/fC82CSioTQ
2018-09-06T11:00:36,There's a widespread feeling that Southport isn't getting value for money from @seftoncouncil. Click the link and tell me what you thinkhttps://buff.ly/2LiSr7Y 
2018-09-05T11:00:06,"On 17th November, I'll be leading another beach clean. Last month's clean up, on Ainsdale beach, attracted nearly forty volunteers - and resulted in the collection of over thirty bags of destructive plastic. 

If you would like to join our next big effort, please contact me.pic.twitter.com/sdQ4IYwe5K"
2018-08-07T16:55:52,"Tomorrow #LordStInBloom volunteers will be working in the gardens in front of the @vincenthotel 
We are looking for new #volunteers Can you help us make a difference to #LordSt? If so we would love to meet you 
@SeftonCVS @asdasouthport @SouthportBID @damienmooremp @RHSBloompic.twitter.com/lUgQRjckqL"
2018-09-04T15:00:01,"Southport is enriched by our senior citizens. Next month, I'll be hosting a fair that'll provide them with advice, support - and new horizons. Click the link to find out more.https://buff.ly/2NdGDnY "
2018-09-04T12:51:55,Thank you @damienmooremp for your support this September during #BloodCancerAwarenessMonth. Did you know there are over 100 different types of blood cancer? Let's #MakeBloodCancerVisiblepic.twitter.com/hib8cv4qqZ
2018-09-04T09:00:14,"How do you feel about the challenges we face, both as a town and a country? Click the link and tell me!https://buff.ly/2HGS0P6 "
2018-09-03T09:00:34,"Cancer costs young patients and their families around £600 a month. 

September is Childhood Cancer Awareness Month, and I'm wearing a gold ribbon to raise awareness #CCAM @CLIC_Sargentpic.twitter.com/TF7zsnf88C"
2018-08-31T09:00:23,"Light for Life provides an invaluable service for rough sleepers in Southport. Their staff will soon be wearing these t-shirts around the town. 

Our government has announced £100 million for a strategy to eradicate rough sleeping by 2027.pic.twitter.com/crl5sB6hfw"
2018-08-30T11:00:38,An organ donor can save or improve up to nine lives. I was very happy to show my support for the NHS Organ Donor Register.pic.twitter.com/0TslBX34v4
2018-08-29T16:07:47,"Great to attend Southport College’s University Centre graduation celebration. 

Fantastic to see so many Southport residents receive their higher education awards, including Jonathan here who has completed his degree in Computing &amp; IT.pic.twitter.com/gLmYUqN4jY"
2018-08-29T09:00:13,Southport provides tens of millions more in Council Tax than any other part of Sefton - but many in our town feel they're not seeing value for money. Click the link and tell me what you think.https://buff.ly/2LiSr7Y 
2018-08-28T13:00:21,"Britain should be the biggest foreign investor in Africa. I strongly support @theresa_may's ambition - and as chairman of the APPG for Tunisia, I hope to strengthen economic ties between their country and ours."
2018-08-28T09:00:35,There's more to wheelchairs than most people think! @SONHStrust's excellent Wheelchair Service makes sure patients get one best suited to their needs @KathMJ2016pic.twitter.com/6C7ZCSHRTq
2018-08-27T09:00:04,"In October, I'm hosting a fair for senior citizens in our town. Please get in touch if you would like to be involved.pic.twitter.com/6yQh9ejntZ"
2018-08-24T10:10:11,"After lobbying from myself, the government is removing vulnerable road users from its personal injury reforms - saving hundreds of jobs in important Southport businesses like @FletchersLegal 

I'm very grateful to @RoryStewartUK for listening to my concernspic.twitter.com/rPpznuT8qQ"
2018-08-24T09:00:31,I’m encouraging small shops in Southport to enter the UK Best Small Shops Competition. More details here: https://buff.ly/2vF8Adq  #indieretailpic.twitter.com/VOqTv2zPsH
2018-08-23T11:00:24,.@QCHospice is an important place in our town - and those who run it are remarkable. Please click the link and show your support! https://buff.ly/2OWIqvy pic.twitter.com/e4YgpQ1jdN
2018-08-23T09:26:44,"I know this morning will be anxious for many students, but you should feel proud of the hard work you've put in over the last several months. Good luck!"
2018-08-22T11:00:17,"Each year, one in three women aged 65+ fall each year. For men, it's one in five. The Falls Prevention Service in Southport does fantastic work helping those who have fallen or are at risk @LancashireCarepic.twitter.com/z9YqWE2Sy7"
2018-08-21T10:00:09,"The Silcocks are synonymous with Southport. I was very happy to spend time with them at the iconic Funland and talk about their contribution to our town. Not least their ice cream parlour on Neville Street, where it's made on site with milk from Bates Dairy.pic.twitter.com/yjhx2Ru1jh"
2018-08-20T09:00:03,Don't forget! The deadline for the Great British High Street award is this Wednesday. I've already seen an amazing entry from Wesley Street.pic.twitter.com/GeQFW637Ge
2018-08-18T11:00:12,"I had a wonderful morning at @southport_fc last week. On Saturday 25th August, they're holding a 'Play on the Pitch' community event - and I urge you to go!pic.twitter.com/91dgLKAiZ0"
2018-08-16T11:00:11,I believe we all need to work together to make Southport a beautiful place to be. Lord Street in Bloom is a great example of the difference our community can make.pic.twitter.com/GGdb48UqSZ
2018-08-15T11:00:46,"Do I remind you of @GaryBarlow...or @rickastley...?

I had a very fun afternoon at Southport's @RotaryGBI!pic.twitter.com/mzK98mqr4N"
2018-08-14T09:00:01,I want to know what you think about the big issues facing our town - and our country. Click the link!https://buff.ly/2kBN4kt 
2018-08-13T10:30:22,"Adam has been missing since Thursday - and his family and friends want to see him safe and home. If you think you can help, please get in touch.pic.twitter.com/BPELTJSRz7"
2018-08-13T09:00:05,".@Gallowaysblind is an amazing charity that helps the visually impaired fulfil their potential. I really enjoyed my time there, and listened to some great ideas about making Southport more accessible to the blind and partially sighted.pic.twitter.com/rW6xqPW4M6"
2018-08-10T09:00:26,It'll take just 30 seconds for you to tell me your feelings on the big issues facing us. Click the link!https://buff.ly/2HGS0P6 
2018-08-09T13:00:42,"We deserve the best from rail operators. Our town relies on professionals commuting out and tourists travelling in. After we get past the disruption of the last few months, I hope to see a better experience for all passengers.https://buff.ly/2mUCgiU "
2018-08-08T11:32:12,I want to say a big thank you to everyone who helped me pick up plastic from Ainsdale beach yesterday - including the amazing volunteers from @McDonalds.pic.twitter.com/LuCYAYqA6a – At Ainsdale Beach
2018-08-08T11:00:17,Do you believe Sefton Council invest enough in our town? Click the link and tell me how you feel.https://buff.ly/2LiSr7Y 
2018-08-07T17:00:35,Speaking to some of our amazing volunteers before we started cleaning Ainsdale beach today.pic.twitter.com/WD3SD7wY8t
2018-08-07T12:16:53,Some of the incredible volunteers helping me pick up plastic on Ainsdale beach right now.pic.twitter.com/LH3KysipQT
2018-08-07T09:00:26,"Our town relies on tourists. They're attracted by our fairs, our gardens - and our beaches. 

This afternoon, I'll be picking up destructive plastic from Ainsdale beach. Please come and join me - and make a difference to our town.pic.twitter.com/iMI7yX2LXE"
2018-08-06T09:00:38,"I'll be leading volunteers on Ainsdale beach tomorrow, picking up any destructive plastic. 

Please join me and make a difference to our town. We'll be kicking off at 12pm. Contact me for more details.pic.twitter.com/9rThIJmZGV"
2018-08-03T15:00:07,"The Breathe Easy Sefton North group do incredible work for local residents affected by various types of lung disease. Through exercise and education, sufferers can be helped with their condition. 

You can visit their website here: https://buff.ly/2n8T1ac  @Mersey_Care @lungukpic.twitter.com/vRcTidLAEu"
2018-08-03T11:00:13,"Over 5000 Southport residents live with osteoarthritis of the hip; over 8000 with osteoarthritis of the knee - and over 17,000 with back pain. 

I wanted to show my support for them and hear from arthritis sufferers about the help that makes a difference to their lives.pic.twitter.com/7zUfceaLcp"
2018-08-02T09:00:17,"Have an opinion on house-building? Need to tell me your views on national security? I've created a survey for you! 

Please click the link and tell me what you think about the big issueshttps://buff.ly/2kBN4kt "
2018-08-01T09:00:06,"Thousands of people choose our town for their retirement. In October, I'm hosting a fair for senior citizens, and I hope you will come along! 

Please contact me for details.pic.twitter.com/clVmk3efYC"
2018-07-31T09:00:18,"Over 8 million people visited Southport in 2016. They were attracted to our fairs, our gardens - and our beaches. 

Next month, I'm leading volunteers picking up plastic on Ainsdale beach. The more of us there are, the bigger the impact. 

Come join us and make a difference.pic.twitter.com/B37DUQUnQ5"
2018-07-30T16:00:32,"This was supposed to be a good year for rail passengers, with new and improved services. In trying to make our experiences better, however, things were made worse. 

Read my take on why the disruption happened, and the better future I hope we see.https://buff.ly/2mUCgiU "
2018-07-30T10:21:47,"An important letter from @sajidjavid. 

Punishment for unlawful possession, supply, and production of cannabis remains unchanged. Yet it is important that our policies reflect what's best for patients.pic.twitter.com/n8Igi3adX7"
2018-07-30T09:00:05,"Shockingly, Southport pays tens of millions more in Council Tax than any other area in Sefton. Yet most people in our town don't believe we see value for money. 

What can we do to change this? Click the link and tell me.https://buff.ly/2LiSr7Y "
2018-07-25T09:00:13,"The government is heading in the right direction with the Civil Liability Bill, but it's wrong that vulnerable road users will face new obstacles to finding justice. They ought to be taken out of the legislation. https://buff.ly/2mCc4cC pic.twitter.com/YUi0rqYB1e"
2018-07-24T15:00:03,"With the Conservatives giving millions to Merseyside, I hope @MetroMayorSteve will use the money to refurbish more stations in Southport - like our great new Ainsdale one! https://buff.ly/2Oe3Eos pic.twitter.com/UOkCLR3ZRJ"
2018-07-20T09:32:27,"Thanks to the Conservatives, our region is receiving over a hundred million in funding for new infrastructure @RobertJenrickhttps://twitter.com/robertjenrick/status/1017422119024676865?s=21 …"
2018-07-20T09:19:05,Ainsdale has a great new station! I was very happy to be part of the opening @merseyrail @Merseytravelpic.twitter.com/xy6J8yLo0W
2018-07-20T09:00:29,Pupils at @KewWoods have used a green screen to create their own news channel. I was very happy to show education minister @NickGibbUK what else the kids at this excellent school have been up to!pic.twitter.com/DvlbLuTaLB
2018-07-19T11:00:10,"I was glad to show off @greenbankhs to education minister @NickGibbUK. We talked to pupils and teachers, and had a great roundtable discussion about more mental health support for our children.pic.twitter.com/aBLxBalCdm"
2018-07-18T14:15:06,Thanks to @damienmooremp for attending our event and for pledging your support to the #YourHarvest campaign yesterday.pic.twitter.com/Ibb3tLyWtr
2018-07-18T11:00:12,".@SmallBizSatUK and @idea_award are providing free, expert online training to small businesses. Click the link to register! https://buff.ly/2JbJCM8 pic.twitter.com/lePEja5N7a"
2018-07-17T09:00:37,Victoria Woodier is Southport's Young Musician of the Year. I was very happy to present her with the well-deserved award! @TrinityArts2pic.twitter.com/zWWhekmuxW
2018-07-16T21:03:40,"Can’t express how amazed I was by the progressive mind of @damienmooremp. This is how the future is being shaped! Damien, personal thanks for your inspiring pitch at the @appg_blockchainpic.twitter.com/FnhP2hDjNs"
2018-07-16T16:23:57,"Our second Advisory Board Meeting is underway, right before our summer reception... hope to see you all soon! #appgblockchain @damienmooremp @BirgitteBIC @BigInnovCentre @grantshappspic.twitter.com/kVWhvgkYoT"
2018-07-16T10:39:42,My office is looking into it...https://twitter.com/samuel_p_currie/status/1018804197620412416 …
2018-07-16T09:00:22,The University of the Third Age (@U3A_UK) creates exciting learning opportunities for the elderly - and breaks down the barrier of loneliness. I was very happy to show my support.pic.twitter.com/iXCMXX5lNM
2018-07-13T12:42:59,Looking forward to it!https://twitter.com/trinityarts2/status/1017725062944878592 …
2018-07-12T16:23:48,"Strong music &amp; drama and a good grounding in phonics, underpin high expectations at Kew Woods Primary School in Southport. Christina Jackson leads a team of teachers delivering very high academic standards. Invited to the school by local MP Damien Moore. @KewWoods @damienmooremppic.twitter.com/bHusYEda7V"
2018-07-12T14:32:01,We had a great roundtable discussion about all the opportunities for our town's children.https://twitter.com/nickgibbuk/status/1017410077827870720 …
2018-07-11T09:00:26,"Opening the RSPCA summer fair, I thanked them for the amazing work they do to protect innocent animals.https://buff.ly/2N62xpx "
2018-07-10T13:33:36,"Very sad news about Lord Carrington. He was a titan of the Conservative Party, and he dedicated his life and his talents to serving our country."
2018-07-09T13:40:05,Many thanks to @damienmooremp for showing your support and being one of the contributors who pledged to stand #ShoulderToShoulder with the NHS against cancer #NHS70https://twitter.com/CRUK_Policy/status/1014844211982675970 …
2018-07-05T21:18:16,"Britain voted to leave the EU - TM is delivering on that result and the will of the people; we need a Party united to deliver a Brexit that works, not one divided by individual grandstanding."
2018-07-05T18:07:30,"Hi @AnneMWolf, do you have an email address? I would like yo contact you re Tunisia APPG."
2018-06-28T16:00:57,"Although we are leaving the EU, we will still be in Europe, and need to create a new relationship with our allies after Brexit. I had a good discussion about this with @Xavier_Bettel, the Luxembourg Prime Minister, last week.pic.twitter.com/JvVCDb3yeq"
2018-06-27T16:09:29,"Britain's best high street will be announced in November. I would love Lord Street to win, and for a local project to get the £10,000 prize! 

Community groups can register Lord Street by visiting http://thegreatbritishhighstreet.co.uk  - or by getting in touch with me."
2018-06-26T16:09:53,"Over a thousand antisemitic incidents were recorded in the UK last year. Yet even more worrying than antisemitism in our own country is the hatred that drives Hamas. 

Watch my speech todayhttps://youtu.be/OfzwywQMa_E "
2018-06-26T09:00:00,Calling all schools in Southport! The next International School Award accreditation deadline is 15 July 2018. Apply now https://buff.ly/2tcNUrM  @schoolsonline #ApplyInternational
2018-06-25T16:00:33,"Our region was seriously affected by Carillion's fall. In the 'Telegraph' today, @DLidington outlines how we will avoid similar crises in the futurehttps://buff.ly/2yFzlD5 "
2018-06-25T10:50:04,Was great to show @damienmooremp some of the amazing work of our members @JamiPeople and @Jewish_Care this morning.pic.twitter.com/INKLpbUsJ4
2018-06-22T10:37:06,"Thankyou @NRAS_UK for presenting James from @Scarisbrickhall with an award to acknowledge his fundraising. Our MP @damienmooremp gave his support and it was a pleasure to meet him,  @EmmaLewellBuck and Prof Lucy Wedderburn in the Palace of Westminster #jiaparliament2018pic.twitter.com/TV1ksn23jz"
2018-06-22T09:00:03,I'm incredibly impressed by the work that the @RSPCA_official do to protect vulnerable animals in our townhttps://buff.ly/2tmdr1U 
2018-06-20T09:00:17,"Heathrow ought to look for suppliers in the North West. 

I made this point to the airport's CEO, John Holland-Kaye. We also discussed its long-term projects and managing their environmental impact.pic.twitter.com/SE3wh9xePM"
2018-06-19T09:00:13,"Today, The Environment Secretary has announced support for Finn’s Law, to provide more protection for the brave police service animals who protect us. We are continuing to raise the bar on animal welfare, whether it be for our beloved pets, brave service animals or on farms.pic.twitter.com/Y82xRar5iS"
2018-06-19T08:33:10,"If you’re interested in science,  visas, immigration &amp; movement then due join in ... first time public gallery will be asked to contribute to a @HouseofCommons Select committee session.  
 @Metcalfe_SBET @darrenpjones @normanlamb @damienmooremp @leicesterlizhttps://twitter.com/commonsstc/status/1008981313255288832 …"
2018-06-18T15:00:32,New MPs have been sharing memories from their first year in Parliament. This is a good one of minehttps://buff.ly/2JQ5Nb9 
2018-06-18T11:30:21,Gangs in Liverpool have made their presence felt in neighbouring towns like Southport. This is a great initiative by @sajidjavid to fight their evil messagehttps://buff.ly/2MCpNMb 
2018-06-15T13:50:09,"'Out of the EU, but still in Europe.'

I was very happy to spend the morning with the Luxembourg ambassador, Jean Olinger. With founding the All-Party Parliamentary Group for Luxembourg, I want to help create a new post-Brexit relationship with this important European ally.pic.twitter.com/YT06XZQRoK"
2018-06-13T11:00:14,"Businesses in our town face enough challenges already, without the burden of these extra charges @champnewspic.twitter.com/wFAOxQxNgF"
2018-06-13T09:00:07,"There are around 860 cancer cases in our area's Clinical Commissioning Group. So I was very happy to stand #ShoulderToShoulder with Nicola Boyd, Southport's Cancer Campaigns Ambassador, and support the work she is doing.pic.twitter.com/3FNGI7SVsF"
2018-06-12T09:00:13,Wise words from @DLidingtonhttps://buff.ly/2l3YAoY 
2018-06-11T18:52:46,"Strong, welcome intervention by @JoJohnsonUK.https://twitter.com/bbcnwt/status/1006204416553308161 …"
2018-06-11T09:56:05,All the Labour family in Preston and beyond are deeply saddened by the loss of Peter Rankin.  Peter fought his illness very bravely refusing to give in.  Preston wouldn't be at the stage it is now without him and Peter always put the people of Preston first.  RIP Peter.
2018-06-11T16:00:08,"Saddened to hear that, Peter Rankin - a fellow councillor in Preston and the city's Labour leader for many years - died today. He was a committed public servant. I'm thinking about his family at this tragic time."
2018-06-11T15:00:43,".@northernassist's timetable change has been poorly handled, and it needs putting right. Watch my update on the situation.pic.twitter.com/FrIBLuLgjl"
2018-06-11T13:35:10,MPs are scrutinising the Counter-Terrorism and Border Bill today. I recommend @sajidjavid's excellent piece on why it's necessary for our securityhttps://buff.ly/2y0EJjR 
2018-06-10T19:29:44,Very honoured to have a visit from @chiefrabbi todaypic.twitter.com/1dQFA0hgPi
2018-06-10T18:31:06,"125 years of a remarkable community. Southport  welcomed HM Lord Lieutenant &amp; from London The Chief Rabbi @chiefrabbi    this sunny afternoon, along many a reunion......https://twitter.com/damienmooremp/status/1005873550287360000 …"
2018-06-10T18:05:17,I was very grateful for the opportunity to honour Southport's historic Jewish community this afternoon.pic.twitter.com/IaDtHG1pM7
2018-06-07T11:04:08,"What is the government doing to stop illegal immigration? 

On Monday, I asked @carolinenokes this questionhttps://youtu.be/ikoRbeaDe3A "
2018-06-06T15:19:52,"On the 74th anniversary of the Normandy Landings, we honour the bravery of the armed forces who helped pave the way for the liberation of Europe. The peace and freedom we now enjoy would not be possible without their courage. We will remember them.pic.twitter.com/piZSyH2SD8"
2018-06-06T11:17:14,"Southport ~ Manchester Trains; Further work in the house. ""Leading a group of Conservative &amp; Labour MP's""  @damienmooremphttps://twitter.com/damienmooremp/status/1004318547386957826 …"
2018-06-06T11:06:15,"Have had serious, constructive meetings with the Transport Secretary, Northern, and Network Rail. 

I'm now leading a group of both Conservative and Labour MPs to figure out a way to end the timetable problem, as well as get a new transport deal for the North West.pic.twitter.com/tQaBfyOgXb"
2018-06-06T10:38:36,"Southport pays tens of millions more Council Tax than any other part of Sefton, but many in our town feel we're not seeing value for money. 

What are we going to do?https://youtu.be/Tt2o3q2BeeI "
2018-06-05T14:28:52,Southport ~ Manchester Trains; Southport MP in the house.https://twitter.com/damienmooremp/status/1003931928196734977 …
2018-06-05T08:17:14,"Btw Chris Grayling agree to work with @damienmooremp on improvements to the service Piccadilly (the plan is to use 769 bimode trains) in Parliament yesterday.
Need to get that order confirmed now.
https://hansard.parliament.uk/Commons/2018-06-04/debates/8053C64D-817B-4041-BB61-9C445FDC599E/RailTimetabling#contribution-0D938574-8C41-4D5E-B0FB-F52A7A374639 …"
2018-06-04T22:39:57,@damienmooremp Thank you for raising the @northernassist problems in the House today @northernfailz @northern_resist @SouthportRTF
2018-06-05T09:29:58,"Yesterday, I asked Transport Secretary Chris Grayling about resolving the @northernassist crisis for Southport's residentshttps://youtu.be/7e9yfJUtd0k "
2018-06-05T09:00:23,Congratulations to @SouthportBID!https://buff.ly/2JccILL 
2018-06-04T13:00:38,"Right now, our security services are conducting over 500 counterterrorism operations. 

Today, as we remember the attacks in Manchester and London last year, @sajidjavid has outlined our fight against violent extremism.pic.twitter.com/g63VrNd4mj"
2018-06-04T11:00:11,"Last week, I met the incredible volunteers at @shorelineuk's foodbank. If you would like to support them, please visit their website https://buff.ly/2HfAYXb pic.twitter.com/qPqBbkaCo9"
2018-06-04T08:00:19,"Come along and get active in volunteering in our local community!

Volunteer Centre Sefton are hosting a volunteer recruitment fair between 11-3 on Wednesday 6th June. 

Drop by and discover some of the fantastic volunteering opportunities that are available.pic.twitter.com/0lZDFcaT26"
2018-06-01T13:00:49,"The number of workless households has fallen to its lowest ever level and new figures show there are 636,000 fewer children living in a workless household.pic.twitter.com/6GUON2pZcq"
2018-06-01T11:00:22,"Do you care about Council Tax? Support Southport's businesses? 

Tell me your thoughts here:https://buff.ly/2kBN4kt "
2018-05-31T11:51:12,The sign has been put up the site for our new Lifeboat station! Construction work will begin as soon as the pre commencement planning conditions have been reviewed and signed off.pic.twitter.com/nB6zXcJDTB
2018-05-30T20:19:46,Thanks @damienmooremp we are really made up hard work starts now getting ready for the visithttps://twitter.com/damienmooremp/status/1001802559399526400 …
2018-05-30T13:31:51,Southport pays tens of millions more Council Tax than any other part of Sefton @onthespot_newshttps://www.otsnews.co.uk/southport-mp-warns-against-liverpool-jobs-tax/ …
2018-05-30T12:28:37,"Congratulations to Liverpool for being shortlisted, and to everyone who worked on making it happen.https://twitter.com/bbcmerseyside/status/1001793149105262592 …"
2018-05-30T11:00:08,"I spent a wonderful afternoon at the Woodvale and Ainsdale Community Association yesterday. They do excellent work with local residents, improving their health and well-being. Do what you can to support them!pic.twitter.com/x6CiKRNXLZ"
2018-05-30T09:00:19,"Last week, @northernassist let Southport down, but Chris Grayling has responded forcefully to the complaints of residents, as well as others across the North West. Read his letter to me.pic.twitter.com/RWTHPnLK02"
2018-05-29T14:00:02,"Two brave police officers and an innocent civilian were murdered in Liége today. As chair of the APPG for Belgium, I want to convey my condolences to their grieving families and friends, as well as express my solidarity with our Belgian allies @BelgiuminUK"
2018-05-29T12:01:31,"""My thoughts are with the victims of today’s cowardly attack in Belgium and their grieving families. The UK stands resolute with our Belgian allies against terror."" - PM @theresa_may"
2018-05-27T21:19:40,Southport’s finest exporthttps://twitter.com/bbcnewspr/status/1000729612928897024 …
2018-05-25T09:13:46,"Southport was let down by @northernassist this week. 

I back @AndyBurnhamGM's call for an investigation into what went wrong, and welcome our government's response to the crisis https://www.gov.uk/government/news/plans-to-tackle-northern-rail-issues-top-priority …pic.twitter.com/YGXbBNvD1m"
2018-05-23T14:48:03,Talented young dancers from a primary school in #Southport have been crowned the winners of a North West competition! #ChampNews
2018-05-22T18:15:32,Last night PM @Theresa_May held a reception at 10 Downing Street to thank teachers from across the country for all their hard work in nurturing the next generation.pic.twitter.com/rIKLN7eXNw
2018-05-22T14:24:55,"Last Tuesday, I warned about the unintended consequences of ill-thought-through housing developmentshttps://youtu.be/SR2gu2Gh42w "
2018-05-22T08:55:28,Thank you to @damienmooremp for convening an excellent discussion at the APPG on Tunisia. Had the honour a number of years ago of being part of @WFD_Democracy capacity building there post-Arab spring. Good chat around security and economic policy this morning.pic.twitter.com/UKCmoyGuWv
2018-05-22T09:30:26,"Last year, the people of Manchester, as well as others from across the North West - including Southport - were the victims of a criminal act. My thoughts are with the survivors and the families of the innocents who died.pic.twitter.com/ET216XTjax"
2018-05-22T09:00:05,"Yesterday, I asked @EstherMcVey1 about the government's record job creation https://buff.ly/2kc9IzO pic.twitter.com/N9jEmpguqf"
2018-05-21T17:08:40,"You really are scraping the barrel with this. Last week you were calling for a new era of respect in Southport politics with the Southport Lib Dem’s, now you’re encouraging negative tactics. Fair play to Damien Moore for going high when you go low every time."
2018-05-21T14:30:57,Quite frankly If this is all Southport Labour have to offer residents then you should be embarrassed. #epicfail
2018-05-21T13:58:50,"I'm the MP for everyone in Southport. Recently, I put out a newsletter about everything I'm doing for residents. I paid for it with my own funds. Yet because I chose a green colour scheme, Labour are accusing me of using public money. It's shameful tribalism our town doesn't need"
2018-05-21T13:56:11,Yes.https://twitter.com/southportlabour/status/998551598354878466 …
2018-05-21T09:16:00,I'm seeing a lot of complaints about @northernassist's terrible timetable change. Would really welcome residents to get in touch with my office about disruptions to their commute today.
2018-05-21T12:59:35,No.https://twitter.com/southportlabour/status/997513926437933056 …
2018-05-18T14:35:05,Well done to @durrance_terry for championing the plight of lonely people &amp; working with the Trust and other great community groups to put people in need in touch. Thanks too to @damienmooremp for joining the launch todaypic.twitter.com/m08Zeeewif
2018-05-17T15:00:07,"Two weeks ago, @SouthportTories secured a fantastic set of results by winning Dukes, Ainsdale, and Cambridge wards. 

I want to thank everyone who voted Conservative and helped to spread our message - a vote for Labour is a vote for Bootle-run @seftoncouncil.pic.twitter.com/h3TOB9ehGY"
2018-05-16T16:20:39,"Should we take Southport out of Sefton? Today, I'm asking for your answers to this question. 

If you have a spare 30 seconds, please take our survey https://www.southportsurvey.com "
2018-05-15T16:09:58,"The proportion of people in work is at a record 75.6%, the highest since records began in 1971. There’s more to do, but the decisions we’re taking are building a strong economy, and a Britain that’s fit for the future.pic.twitter.com/ooddJ4aoKW"
2018-05-15T21:02:17,"Southport FC couldn’t function without the support from our fantastic team of dedicated volunteers.  

We're recruiting for a number of voluntary roles and hosting an induction day for new and existing roles on 16th June at Meols Cop School 

 #OnePort
https://southportfc.net/volunteersday/ pic.twitter.com/rrevcH2tgQ"
2018-05-15T16:50:12,"After lobbying by MP Damien Moore, the government is making even more money available for Sefton Council to help those affected by Storms Desmond and Eva.
Read more: https://www.otsnews.co.uk/money-made-available-flood-victims-lobbying-southport-mp/ …pic.twitter.com/xpbfoh7Ej9"
2018-05-02T14:58:15,Good to hear @damienmooremp highlight @mcsuk Great British Beach Cleans in today’s @UKParliament debate on reducing marine plastic waste #STOPthePlasticTide 
2018-05-15T15:00:14,This great initiative will ease the pressure on hardworking students in Southport this exam season https://buff.ly/2L1CUG0 
2018-05-15T14:47:25,@northernassist now at Manchester Victoria for 15:45 to Southport and this service is delayed?!?? Can you operate a train service?
2018-05-15T11:00:25,This is great news for victims of Storms Desmond and Eva. I hope @seftoncouncil seize the opportunity and help them https://buff.ly/2rI7ufE 
2018-05-15T09:00:19,Delighted to congratulate FRONTGLASS LIMITED and IN-TIME WATCH &amp; JEWELLERY REPAIRS LIMITED from Southport on making it into @LSEGplc #1000companies report
2018-05-14T16:00:11,"On Friday, PC Laura took me on a patrol around Southport's streets. We all know our police do great job in a difficult environment, but I wanted to see the things they face for myself. 

Read more here: https://buff.ly/2Ied6c1 pic.twitter.com/PSvdoKmBfS"
2018-05-11T11:00:19,"This week the Conservatives pledged £28 million to support disadvantaged children and young people, helping to transform lives across the country and build a fairer society.pic.twitter.com/RztEhc28Bv"
2018-05-10T09:00:01,"Yesterday, the Housing Secretary announced funding to reduce rough sleeping, so that rough sleepers get the support they need to get off the streets and rebuild their lives.pic.twitter.com/daqLrggglX"
2018-05-09T08:00:00,"Really proud of the @greenbankhs students who are competing in the regional finals of the UK Aerospace Youth Rocketry challenge today. 

They have to build a rocket, have it reach the highest possible altitude, and bring their crew (two eggs) safely back to Earth. 

Good luck!"
2018-05-08T15:00:10,"#tbt to the early hours of 8th May 2015, when I came within 1300 votes of winning the election. When I started my campaign, one poll put me 13% behind @johnpugh2017. It was a great result, and I couldn't wait for the next one and the chance to make Southport a success again.pic.twitter.com/XAaqmTtadA"
2018-05-03T15:01:05,"Southport deserves more from @seftoncouncil. Vote Conservative today, so we can get a better deal for our town. 

Polls close at 10pm.pic.twitter.com/u5jy1UOe5c"
2018-05-03T09:00:05,"If you want a successful Southport, vote Conservative today. The more Tory councillors our town has, we can hold @seftoncouncil to account. 

Polls close at 10 o'clock tonight.pic.twitter.com/q1aVfmRNT8"
2018-05-01T11:00:14,"Eighteen wild animals are still used in circuses in our country. This is a sad statistic, and I'm backing the @RSPCA_official's call for a ban https://buff.ly/2KpjYka pic.twitter.com/3zlqLlGZJA"
2018-04-30T11:00:15,I was very happy to celebrate the work done by our nursing staff https://buff.ly/2I3gXHQ  @theRCNpic.twitter.com/zSoK3glUEl
2018-04-30T10:00:36,"Last week, I brought up @northernassist's bad decision with rail minister @JoJohnsonUK. Support from local business leaders like @EdwardBFletcher really helps me make my case @champnewspic.twitter.com/UIQzveh0Xc"
2018-04-24T13:30:17,Fewer than 3% of statues in our country are of women who weren't our queens. Hopefully honouring #MillicentFawcett will start to change that! #Vote100pic.twitter.com/XxrCYRAPg3
2018-04-23T17:00:56,"I'd like to thank Jo Scott, our new Police Community Support Officer, for visiting local businesses with me on Friday and discussing their concerns.pic.twitter.com/Hi7b17pxsy"
2018-04-23T16:00:05,"On Friday, I met with pupils in @BirkdaleHS's Brilliant Club. As one of the first few in my family to go to university, I really appreciate the importance of what they're doing https://buff.ly/2qTBww0 pic.twitter.com/5LqIXvoLjh"
2018-04-20T14:06:53,Our Brilliant Club students and our very own Dr @emmalouisedeeks explaining to @damienmooremp their work as part of the Scholars Programme.  #aimhigher #highaspirationspic.twitter.com/jRaqOxLY2L
2018-04-17T16:16:18,"Hi @damienmooremp. Wonder as my MP if you’d be up for pls supporting Bertie, @MDUK_News &amp; me in my attempt at #LondonMarathon ? http://tinyurl.com/n8f2et4  And to RT to help spread the word ? #musclesmatter"
2018-04-17T16:01:17,I’m proud of the work that so many in Southport do to fight antisemitism. Yet we need to stay vigilant https://buff.ly/2vn71Up 
2018-04-16T14:45:04,"The Prime Minister made the right decision this weekend. Five years ago, Assad promised to give up his chemical weapons. But he broke his word, and he needed to be punished. 

Read my full statement here: https://buff.ly/2JNMuf6 "
2018-04-13T15:00:42,"I have been assured by Chris Grayling that @transportgovuk is working with @northernassist to provide additional services between Southport and Manchester Piccadilly. Their current plans can only be temporary, though. 

Read more here: https://buff.ly/2qjC92g "
2018-04-12T15:00:33,"Working with constituents, I recently presented to @northernassist a strong case for keeping the current Southport-Manchester service. Unfortunately, they didn't listen.

Read my thoughts on their disappointing plans: https://buff.ly/2qjC92g "
2018-04-12T13:00:47,"Transport is an important part of my plan for Southport. I want to know your thoughts about it, so please take this short survey https://buff.ly/2GQv7Zj "
2018-04-11T15:00:46,"Got an opinion about our town's transport? If you're a constituent and have thirty seconds to spare, take my short survey: https://buff.ly/2GQv7Zj "
2018-04-11T13:00:09,"From 18th May, except for one train too early in the morning and another too late at night, all Southport services will run through Manchester Victoria. 

I'm disappointed by @northernassist's plans. Read more here: https://buff.ly/2qjC92g pic.twitter.com/8jH1P4X8Pk"
2018-04-11T09:00:07,"My staff and I are working to be better equipped to improve the lives of everyone affected by Parkinson's in Southport, and better understand the issues faced by those who come to my advice surgery.

Please show your support for @ParkinsonsUK #uniteforparkinsonspic.twitter.com/iYWZcafkTp"
2018-04-10T16:00:21,"Transport is an important part of my plan for Southport. Our town thrives on the commuters who travel out and the tourists who come in. That's why I'm so disappointed by @northernassist's plans. 

Read more here: https://buff.ly/2qjC92g pic.twitter.com/yw9YdusV7P"
2018-04-10T14:00:25,One of my favourite memories from the 2015 General Election. When the wonderful Matthew Parris came up to Southport and charmed the whole room #Tbtpic.twitter.com/m95qx3ES7A
2018-04-10T13:00:36,My family is one of thousands that've had to deal with the pain of a diagnosis. I hope that @theresa_may's important initiative will eventually prevent others from experiencing it: https://buff.ly/2qkwjO9 pic.twitter.com/JLZgS9MItE
2018-04-10T11:00:06,"Our government has given Sefton Council nearly £500,000 in funding for potholes, but I don't feel we're seeing this money on our streets. If you see any potholes on Southport's roads, please report them to the council. Find out how by click this link: https://buff.ly/2qafa9J pic.twitter.com/kr8N4PzRKl"
2018-04-10T09:00:02,"Twenty years later, the #GoodFridayAgreement is still the best way to bring together people in Northern Ireland and negotiate a better future for everyone."
2018-04-09T15:00:28,"The RAF's continued success is a testament to its strength, ability, and courage. 

I was grateful for the chance to speak about these values while commemorating the service's centenary yesterday.pic.twitter.com/JrvS7X41OP"
2018-04-09T13:00:42,"I recently asked Merseyside Police to introduce 'knife wands' in Southport, with funding provided by the Home Office. The trend in knife crime worries me, and we need to be vigilant.pic.twitter.com/EBSjWrqsPS"
2018-03-30T22:42:15,What a great day and night at Fylde Fish Bar for Good Friday 2018! Thank you to all those that visited us tonight and for all your patience waiting to get our award winning fish and chips! #GoodFriday2018 #visitsouthport #teamworl #northwest https://www.facebook.com/293175650693/videos/10160345395060694/ …
2018-03-21T18:04:57,Thank you @damienmooremp for taking time to chat to us about the importance of diagnosing brain tumours early. We look forward to working with you on @HeadSmartUK #BTAM18pic.twitter.com/bW4r4TlDDN
2018-03-21T15:10:34,Pleasure to introduce @damienmooremp to our member @Jewish_Care today in Parliament. Thank you for taking the time to meet with us.pic.twitter.com/HYSWBJcxr4
2018-03-21T15:30:28,"English MPs proudly showing support for #EnglishTourismWeek at a meeting with Tourism Minister @Michael_Ellis1 where they also learned more about @VisitBritainBiz 's new campaign, I Travel For. #ETW18 @HuddlestonNigel @damienmooremp @Patrick4Dales @KeithSimpsonMPpic.twitter.com/MeCoZJkafd"
2018-03-16T16:00:06,"If you have an issue or concern you would like to raise with me, please get in touch.pic.twitter.com/Y7ZEQqJE5E"
2018-03-16T10:00:08,"Small Business Saturday UK returns on 1st December 2018. Are you a local business?  Register for a chance to be featured in ""Small BIZ 100"" campaign. Let's support our local businesses, not just on 1st December, but throughout the year! #shoplocal https://buff.ly/2IlyNTM pic.twitter.com/dgk6o3pexQ"
2018-03-15T16:00:07,Delighted to meet with Cheif Superintendent Matt Boyle and Inspector Graham Fisher last weekend to discuss Operation Castle.pic.twitter.com/kpe7N5Ay3m
2018-03-15T14:00:59,"Last week I asked a question to the Parliamentary Under-Secretary of State at the Department of Environment, Food, and Rural Affairs about plastic debris on beaches in Southport. You can watch my question here.pic.twitter.com/hv1skn2qxY"
2018-03-15T10:00:00,"I strongly support my party's initiative to see more women represented across our Party.  If you're a woman who wants to stand and make a difference for your community, express your interest by following the attached link. #askhertostand https://buff.ly/2IpNm94 "
2018-03-14T14:00:46,How dare Vince Cable come to my constituency to insult older voters | BrexitCentralhttps://buff.ly/2tGqw9U 
2018-03-14T10:00:05,"Yesterday I voted in favour of new eligibility criteria for free school meals which will mean 50,000 more children will benefit from a free school meal by 2020 when compared to the previous benefits system under Labour.pic.twitter.com/8Rw0pyyQP3"
2018-03-13T16:01:03,How dare Vince Cable come to my constituency to insult older voters | BrexitCentralhttps://buff.ly/2tGqw9U 
2018-03-13T14:00:05,"Today, the Chancellor unveiled his Spring Statement, showing that our economy continues to grow and is almost 17% bigger than it was in 2010. Meanwhile, Labour's new borrowing plans would cost £106 billion - amounting to an extra £3,907 more debt for every household in Britain.pic.twitter.com/5JLzvOkYv8"
2018-03-06T14:00:29,Fully support the @Conservatives #RespectPledge ahead of this year’s local elections.pic.twitter.com/fxQc83N03p
2018-03-05T16:00:04,"Glad to see Schools and colleges in England will receive £600 for every additional pupil who takes an advanced maths qualification, which will help young people get the skills they need for the future so they can go as far as their talents will take them.pic.twitter.com/xZKPM6PqQe"
2018-03-03T23:12:16,"Today I launched the @Conservatives #RespectPledge ahead of this year’s local elections.

Democracy has always been robust and oppositional but a line is crossed when this becomes abuse and intimidation.pic.twitter.com/bWcrDEfWkB"
2018-02-27T10:00:20,We are increasing Armed Forces mental health funding to £220 million over the next decade and have launched a 24/7 Military Mental Health Helpline so that all our courageous troops and their families know there is somewhere to turn in times of trouble.pic.twitter.com/IdNZJFyhfP
2018-02-25T15:05:55,Agree. Surely we can disagree on Twitter without threatening to kill each other?https://twitter.com/debhazeldine/status/967751900664881153 …
2018-02-23T11:02:47,Morning meeting at Crossens Nursey School. Now onto my second constituency meeting.pic.twitter.com/KTQIG6U1LS
2018-02-22T09:55:37,Great to receive the support of @damienmooremp. Backing our lifesaving campaign for a defibrillator in every single school across the UK. #SaveLives http://www.theoliverkingfoundation.co.uk pic.twitter.com/cAxDaQ7Na8
2018-02-20T18:18:25,.@damienmooremp says his 10-min rule bill escalates some of the Eric Pickles recommendations on postal voting in his role as anticorruption champion
2018-02-20T18:17:02,"Ten Minute Rule Motion: Postal voting, moved by @damienmooremp, is starting now http://parliamentlive.tv/event/index/94cdc6e8-d337-41d8-a354-63d1ae4c8b58?in=18:16:11 …"
2018-02-20T12:34:50,"From 2:30pm: prayers, FCO Qs, one UQ, three ministerial statements, then @damienmooremp 10 min rule bill on postal voting. After that, #SAMLBill second reading. Then petitions and finally, the adjournment debate."
2018-02-19T17:00:42,"MUST WATCH: Conservative MP for Southport, @damienmooremp speaks about his visit to Israel with @CFoI last week, encourages fellow MPs to visit Israel: ""If you want to understand this place better, you've got to visit it""pic.twitter.com/I5mIR5bLvR"
2018-02-08T16:10:16,READ: Conservative parliamentarians attend CFI briefing with Israeli Minister of Science and Technology @OfirAkunis https://cfoi.co.uk/conservative-parliamentarians-attend-cfi-briefing-with-israeli-minister-of-science-and-technology/ …pic.twitter.com/ZbJ7thA1l5
2018-02-12T22:14:33,PHOTO: Conservative parliamentarians on @CFoI delegation meet @innoafrica's @DovLipman for a lively dinner discussion about Israeli politics &amp; Israel's humanitarian effortspic.twitter.com/SWB040bFh0
2018-02-13T19:46:42,"Thanks to British Ambassador @DavidQuarrey for hosting @CFoI delegation of MPs &amp; Lords this evening, with informative dinner discussion on UK-Israel ties &amp; briefing from @UKIsraelHubpic.twitter.com/cSQtS6I8TQ"
2018-02-14T13:16:21,"PHOTOS: Leading Palestinian pollster @KShikaki briefed Conservative MPs &amp; Lords today in Ramallah about the latest trends in Palestinian &amp; Israeli public opinion polls, based on his recent research: http://www.pcpsr.org pic.twitter.com/epc1lnjC45"
2018-02-10T15:43:02,At #CW18 with @DavidRutley @damienmooremp @CGreenUK Fantastic discussion on campaigning to win!pic.twitter.com/hpAgDxr5Yc
2018-02-10T14:00:45,Time to hear from @DavidRutley @damienmooremp &amp; Chris Green MP at #CW18pic.twitter.com/qTmXVuJFSb
2018-02-10T12:45:21,Great to see @damienmooremp supporting the @CandWTories #CW18 conference in #Chester this afternoon!pic.twitter.com/S1ctoRJBoZ
2018-02-08T13:52:58,"Following Tuesday's #Vote100 celebrations, @damienmooremp called for a debate on encouraging more women to stand for public office in business Qs earlier.
http://parliamentlive.tv/event/index/a02b1462-fb97-4aae-a8cd-f67e9fd1226c?in=11:41:09&amp;out=11:42:10 …pic.twitter.com/QQuxWwa1zf"
2018-02-08T10:20:00,Our #apprenticeship lead Vicky Kearney joined @AnneMilton Minister of State for Apprenticeships &amp; Skills &amp; Southport's @damienmooremp on a visit to @southportcoll with Trust students past and presentpic.twitter.com/Q1kiwb48a4
2018-02-08T10:00:24,I was delighted to visit the Tate &amp; Lyle Sugar Refinery in the Docklands area of East London. The company has had a factory on the same site for over a century and is an example of a British business that has a global outlook; importing sugar cane from all over the world.pic.twitter.com/8ITn35GKmD
2018-02-07T18:06:20,Israel's Minister for Science and Technology @OfirAkunis meets Conservative parliamentarians at @CFoI briefing in Parliamentpic.twitter.com/RXco9qh5LW
2018-02-07T16:01:28,Thank you @KatiePrice for coming to @HoCpetitions yesterday to give evidence on online abuse. The comments your son Harvey has received are truly shocking and I admire the dedication and courage you have shown to tackle the problem.
2018-02-07T14:01:22,We all have a role to play in protecting our oceans – that’s why I have signed my pledge to #PassOnPlastic and encourage others to do the samepic.twitter.com/6xHge26xOV
2018-01-26T15:14:22,We were pleased to welcome @damienmooremp to our Wastewater Treatment Works in Southport today. It was great to give a tour of the site and talk about our priority services scheme in the area.pic.twitter.com/Y4SSiSc0j8
2018-01-20T17:19:09,"A wet day out today with @damienmooremp and special guest @CGreenUK! Thanks to all who lent a hand, and to local residents for taking the time to chat.pic.twitter.com/coVfa864GJ"
2018-01-12T10:00:01,Good luck to @FyldeFishBar who are in the running to be the UK's best fish and chip shop. I ate there the other week and they're worthy contenders!
2018-01-11T16:00:03,"Today the Prime Minister is launching the 25 Year Environment plan, highlighting our steps for a cleaner, greener Britain that will leave our environment in a better state than we found it for the next generation.pic.twitter.com/8l1QeMOPDC"
2018-01-11T14:01:15,"This morning, I met with Age UK to discuss the Governments plans to launch a social care Green Paper on behalf of residents living in Southport. https://buff.ly/2DnlLmV "
2018-01-10T16:01:12,My comments in the local Southport Visiter regarding our hospital this winter:https://buff.ly/2D11fuu 
2018-01-09T12:00:15,"Today, our ban on microbeads comes into force, helping to protect our oceans and sea life as we lead the way on tackling the problem of plastic waste.pic.twitter.com/1PY1HjOCa2"
2018-01-09T10:00:25,My response to another attempt by Southport Labour to undermine our local hospital: https://buff.ly/2D65UJd 
2018-01-08T16:00:40,Congratulations @BrandowLewis &amp; @JamesCleverly. You're welcome to make Southport your first stop on the 2018 campaign trail!
2018-01-08T14:00:27,"We're supporting the creation of a new Northern Forest - spanning more than 120 miles between the cities of Bradford, Leeds, Manchester and Liverpool - providing a rich habitat for wildlife to thrive, and a natural environment for millions of people to enjoy.pic.twitter.com/yrmig9KqyO"
2017-12-20T12:56:15,@prestonlabour @SouthRibbleLab @SRConservatives Touched to get lovely postal messages of support for my health from @SeemaKennedy and @damienmooremp Not joining Tories though!
2017-12-09T21:08:01,Did you catch the Thorntons Christmas advert? A 2% donation will be made to SSAFA when you purchase a box of chocolates from the continental range. Buy here: https://buff.ly/2AkZKa1 pic.twitter.com/LJ6QuOw7Qc
2017-12-07T19:26:41, Some serious sour grapes from the SNP here. They really can’t stand the fact that 13 @ScotTories MPs have shown them up by #DeliveringForScotland in the budget. The only thing 56 SNP MPs achieved in 2 years was no Sunday trading in England http://www.heraldscotland.com/politics/15708358.SNP_disputes_claim_Scottish_Tories_influenced_budget/ …
2017-12-07T15:31:56,Joining @Alison1mackITV for tonight’s @Granada_Debate @damienmooremp ; @Debbie_abrahams and @Rachaelorrsome @oxfamgb - 10:45pm @ITVpic.twitter.com/5mRmoD4JB3
2017-12-07T15:30:22,Joining @Alison1mackITV for tonight’s @Granada_Debate @damienmooremp ; @Debbie_abrahams and @Rachaelorrsome @oxfamgb - 10:45pm @ITVpic.twitter.com/ELqLajc400
2017-12-06T18:00:50,"Great to see you support #SmallBizSatUK! Will you sign up to our Thunderclap for #SmallBizWonders and boost smaller businesses across the country?
https://www.thunderclap.it/projects/65594-small-business-wonders …"
2017-12-02T17:04:56,More pictures from my Lord Street tour for #SmallBusinessSaturday #SmallBizSatUKpic.twitter.com/B5BtmEXsLZ
2017-12-02T17:03:14,"This afternoon I’ve been out talking to businesses on Lord Street and surrounding areas about Small Business Saturday UK. A big thank you to Connard Jewellers, Lillibet’s, Mind Games, Southport Market, Retro Culture, Dad’s Guitars, and Wayfarers Arcade.
#SmallBusinessSaturdaypic.twitter.com/xXYF0aEYS0"
2017-12-02T12:50:08,Supporting Small Businesses in Birkdale on #SmallBizSatUK #SmallBusinessSaturdaypic.twitter.com/VWGxiuzgGd
2017-12-02T12:47:21,"This morning I’ve been speaking with entrepreneurs in Birkdale Village about the local economy and how I can help champion their business.

Thanks to Stanley’s Fruit Stores, Croziers, The Cheese Centre, The Tea Rooms, Brough Butchers, and June the Florist.
 #SmallBusinessSaturdaypic.twitter.com/BYQMBpBFFM"
2017-12-02T11:00:27,"Onto Bates Farms and Dairy in Birkdale, a local family-run business which has been operating in Southport for 78 years. Great to see their business doing well and continuing to distribute across the north-west. Thanks to Chris and the team. #SmallBizSatUK (2)pic.twitter.com/opNttEulL9"
2017-12-02T10:59:35,"First stop, Langdons for one of the best breakfasts in Southport. #SmallBizSatUKpic.twitter.com/mYh9RMf8OX"
2017-12-02T09:50:54,"Today is Small Business Saturday UK.

I’ll be out across Southport meeting with business owners to discuss what more we can do to support our town’s economy and to encourage residents to buy local.pic.twitter.com/RanK1e2Z6k"
2017-12-01T16:00:31,"This afternoon I hosted a drop in session at Asda. Speaking to residents and shoppers about local and national issues. Also great to speak with Will, the store manager (pictured below).pic.twitter.com/qpdepAi7Jx"
2017-12-01T14:55:56,Speaking at The Older Persons Forum in Southport this morning. Happy to support their campaign for a Minister for Older People.pic.twitter.com/dyaAOiYao2
2017-11-29T12:50:51,"The Transport Secretary, Chris Grayling has today announced a bold Rail Strategy that will expand the rail network- making life better for commuters, unlocking potential for housing developments and boosting jobs.pic.twitter.com/sJ9dBMJ5ZH"
2017-11-24T12:23:31,My response to Southport Labours ridiculous misconception and fake news on animal welfare... https://goo.gl/1xnixf .
