2018-11-26T18:08:31,"Delighted to sign new customs arrangements with Guernsey, Jersey and the Isle of Man this morning @hmtreasury. 

The arrangements mean that when the UK leaves the EU, traders moving goods between the UK and Crown Dependencies will continue to pay no customs duty.pic.twitter.com/GCAl5VluxL"
2018-11-21T11:32:00,Every month @tradegovuk meets with MPs from all parties to talk about the work my department is doing. Today we discussed how we are boosting UK exports - which have grown by £111 billion since the referendum - through our new Export Strategy #ExportingIsGREATpic.twitter.com/5uFKMX7tij
2018-11-22T01:24:30,Proud to be the 455th woman elected - a special number because from when I was elected there was exactly as many men in Parliament as there had been women ever elected.https://twitter.com/UKParliament/status/1065163044236525568 …
2018-11-21T15:39:30,Good meeting with @CatMcKinnell &amp; @drcarolinej @HouseofCommons this afternoon planning next steps for the APPG for #children who need #palliativecare.  Exciting ideas - watch this space! @Tog4ShortLives @Tog4Policyhttp://www.togetherforshortlives.org.uk/appg 
2018-11-15T00:32:22,After a briefing this evening - time to study the detail. The Brexit agreement is available herehttps://www.gov.uk/government/publications/progress-on-the-uks-exit-from-and-future-relationship-with-the-european-union …
2018-11-13T15:59:15,Great to open Second Reading of Finance Bill - shame Labour voted against tax cut for 32 million hard working people. #StriverStridepic.twitter.com/smU2IzxOUT
2018-11-10T07:51:56,"We cannot make the EU want to do a good economic deal with us: if their focus is their EU superstate and stopping any other members leaving, sadly so be it &amp; we'll return to sorting out an FTA after we have left. But clearly a mutually beneficial deal now would be better for all.https://twitter.com/DavidDavisMP/status/1060928237142970369 …"
2018-11-05T19:07:03,".@WTO members are able to trade on uncertified schedules. Indeed, the EU is currently trading on uncertified schedules. After March 2019 the UK will be able to trade on its provisional schedules while we discuss with other members. Here's all the facts https://www.gov.uk/government/speeches/when-we-speak-for-ourselves-we-flourish-and-our-status-in-the-wto-is-no-exception …"
2018-11-01T08:29:20,Enjoyed taking part in the @indparltrust #IPTPoppyRide to raise awareness for @PoppyLegion  challenging in dress so rather pleased with 2.52km!pic.twitter.com/Ncb01fAYmB
2018-10-30T19:56:30,"A date for your diary! Essex Police rural crime advice day, NatWest Community Bankers will be there to talk about scams and how to protect yourself @AgainstScams @TakeFive @BernadetteMerrypic.twitter.com/RzSZxS4CuB"
2018-10-29T10:48:36,Budget day is here! Tune in for the #Budget2018 speech at 3.30pm.  pic.twitter.com/hytTmrFFrE
2018-10-26T08:52:32,Corbyn’s nasty little temper when presented with legitimate questions paired with his admiration for dictators gives us a small glimpse at a Corbyn leadership. Dangerous. https://twitter.com/BrexitTory_/status/1055550658965835778/video/1 …
2018-10-22T20:40:12,Meeting today with ⁦@GavinWilliamson⁩ to discuss importance of RAF in Lincolnshire and to lobby for the ⁦@rafredarrows⁩ to remain in Lincolnshirepic.twitter.com/D9MySrgiDn
2018-10-22T17:08:24,Exciting and important day @HouseofCommons tomorrow at the APPG Children Who Need #Palliativecare reception #EOLCommitment looking forward to speeches from 5pm by @cj_dinenage @stephnimmo @drcarolinej @CatMcKinnell &amp; @itsandyfletch https://twitter.com/Tog4ShortLives/status/1054389328015695881 …
2018-10-21T10:20:00,.@bbc5live Investigates has exclusive access to a report into provision of care for children with life limiting conditions. @itsandyftech - CEO @Tog4ShortLives and @drcarolinej with @GoldbergRadio now.pic.twitter.com/x09Rr10JLl
2018-10-20T22:23:20,‘Somebody else will clean it up...’ https://twitter.com/spiralalice/status/1053684164099301376 …
2018-10-16T15:52:00,"A further thank you to @ShaileshVara, @drcarolinej, @mattwarman and @jimforcovsouth for attending our event against #ruralcrime, #HaltHareCoursing. We are pushing forward with our five-point plan and hope to see real change to end this heinous act.pic.twitter.com/aDROd39uzG"
2018-10-10T10:12:27,"Latest @ONS figures show our economy grew 0.7% between June and August with retail, food and drink and housebuilding all performing well during the summer.
 
Since 2010 our economy has grown every year, there are 3m more people in work and we have cut income tax for 31m people.pic.twitter.com/3AjYh28BOB"
2018-10-09T18:58:15,Reducing the number of premature births is key to reducing the rate of #babyloss says @drcarolinej
2018-10-04T12:29:00,"From the very beginning, the EU offer has been a Canada+++ deal. Much further-reaching on trade, internal security and foreign policy cooperation. This is a true measure of respect. And this offer remains in place. #brexit"
2018-09-28T16:19:45,"The UK exports more to the rest of the world than the EU, @ONS figures released today confirm.  Total exports outside the EU were £342.8bn in the year to June 2018 #FreeTradeUKpic.twitter.com/4749jX1Kjd"
2018-09-26T17:07:33,"Ahead of @macmillancancer #worldsbiggestcoffeemorning on Friday, @PhilipHammondUK and I are ensuring bake sales and coffee mornings can be gift aided to increase donations by 25%. pic.twitter.com/yGz2PPMiFh"
2018-09-23T11:02:43,Jeremy Corbyn knows that what he is saying is absolutely untrue.  The Labour left have clearly made a conscious decision to keep repeating this lie.  So let me be clear yet again – we will not lower UK standards in Trade Agreements. #Marr
2018-09-21T06:00:01,"The #WelcomeToGREAT campaign is 7 today  So far it has:
 supported over 1,066 events in almost 200 locations
 secured confirmed economic returns of £3.4bn for the UK
 been backed by 640 businesses and high-profile individuals
 received 53 awards
#HappyBirthdayGREATpic.twitter.com/cYLhgEHPbj"
2018-09-18T09:39:24,"In 2016 we made online marketplaces responsible for VAT fraud from non-EU businesses on their sites.

Since then, the number of non-EU e-businesses that have applied to register for VAT:

2015: 1,650

Now: 43,500

Proof our tough approach to tax evasion is working "
2018-09-15T09:28:14,A superb summary of the benefits our new Agriculture Bill can bring to food production and the environmenthttps://www.conservativehome.com/platform/2018/09/robert-goodwill-the-commons-bill-this-week-which-prepares-the-way-for-a-green-brexit.html …
2018-09-10T16:49:40,Very welcome news today that GDP grew by 0.6% in three months to July - fastest growth for almost a year. More on the economy's strong performance here:https://www.bbc.co.uk/news/business-45470689 …
2018-08-30T11:36:47,A joy to watch @rafredarrows practicing in the skies above our garden. One of the pleasures of living in Lincolnshire - where the red arrows should stay @GavinWilliamson @DefenceHQ I noted they formed an arrow pointing towards Cranwell - a sign of their new home? @ComdtCranwell
2018-08-26T21:11:50,Spot on.https://twitter.com/samdastyari/status/1033491950748352512 …
2018-08-22T18:45:02,Rural MPs - a point well-made.... @JulianSmithUK @kevinhollinrake @R_GoodwillMP @nadams @AJonesMP @RoryStewartUK @drcarolinej @CommonsEFRAhttps://twitter.com/RuralCrimeNtwk/status/1032191142127984640 …
2018-08-21T08:59:04,"The latest @ons borrowing stats show a £2bn surplus in July (that means we raised more in tax than we spent that month) 

Debt is due to start falling next year (the first sustained fall in a generation) pic.twitter.com/y56GZlSuPt"
2018-08-21T10:09:25,"July public finances in surplus by £2bn, the largest July surplus since 2000. Debt as a percentage of GDP was 84.3 per cent, 1.7 % lower than July last year. Our work is #payingoff. #surplus #debtdown"
2018-08-18T09:18:04,We’re determined to tackle #plasticpollution and have received massive public support for using the tax system to combat it - the largest ever response to @hmtreasury. We’re working hard on our plans and @PhilipHammondUK will be setting them out at the Budget.pic.twitter.com/D9PoQvQ1C7
2018-08-18T08:15:00,"There’s been a record-breaking response to our single-use plastics consultation
              
Your views will now help shape our future policies and make the UK a greener country 
https://www.gov.uk/government/news/strong-public-backing-bolsters-fight-against-blight-of-plastic-waste …pic.twitter.com/IFn9ie0qHy"
2018-08-17T18:07:35,Good to meet “JJ the monkey” from Big Sky - visiting @PboroCityHosp today to offer entertainment and face painting to cheer up young patients.pic.twitter.com/UIrRMKBDOk
2018-08-17T11:29:12,Thank you for my badge @DrMikeFarquhar - pleased to support this initiative - good luck with the rollout. @NHSRainbowBadge @MattHancock @NHSEnglandhttps://twitter.com/RainbowNHSBadge/status/1030354215674306560 …
2018-08-12T12:11:46,Getting ready to deploy the amazing Roundup!pic.twitter.com/i9oUScNK38
2018-08-10T08:39:34,"The economy has grown every year since 2010. Unemployment is at its lowest since the 1970s and our national debt is starting to fall. 

We are building a stronger economy for everyone.https://twitter.com/hmtreasury/status/1027835059242508294 …"
2018-08-09T14:43:59,"NEW STAT : UK exports in cars, ships and aircraft have risen by over £3.5 billion in the last year, up by 7.2% 

Through our Modern Industrial Strategy we are committed to supporting our key industries, creating more better-paying jobs across Britain. "
2018-08-02T20:38:58,Great news for families.https://twitter.com/MelJStride/status/1024924839444967425 …
2018-08-01T05:50:52,"UK exports to the rest of the world have outstripped UK exports to EU for the 9th year running.
 In 2017: £342bn to non-EU, £274bn to EU, @ONS figures confirmpic.twitter.com/ddbyjLZ7TK"
2018-07-24T12:48:06,"Great to see @MattHancock wearing @nhs  badge, thanks @drcarolinej!

A @GSTTCharity funded, @RCPCHtweets supported, @EvelinaLondon project, launch early autumn

Simple symbols of inclusion can make big differences, especially for young people

Read: https://ep.bmj.com/content/102/6/298 …https://twitter.com/owenjbennett/status/1021725951649099776 …"
2018-07-24T21:36:16,"Pleased ⁦to get @MattHancock⁩ support for the “Safe to talk to me” scheme pioneered by ⁦@DrMikeFarquhar⁩ - NHS rainbow badges will demonstrate to patients that they can have open, safe conversations about LGBT+ issues.  ⁦⁦@RCPCHtweets⁩ ⁦@NHSEngland⁩pic.twitter.com/ChPr6M7A1G"
2018-07-17T12:23:32,"New jobs figures released today from the @ONS show that in the past year:

The number of people in work has reached a record high.
Unemployment is at its lowest since 1975.
Wages are rising faster than prices."
2018-07-17T12:50:59,"We’ve made excellent progress in reducing government borrowing, but we cannot be complacent. We must reject the arguments of those who think debt can rise again without consequences.

Our response to the @OBR_UK’s Fiscal Risks Report shows how we are fixing the public finances.https://twitter.com/hmtreasury/status/1019148933510193152 …"
2018-07-17T15:32:15,"Really good to see youth unemployment falling in U.K. There is more to do but behind this statistic are many more young people, in employment and training, with a promising future.pic.twitter.com/5VXX8yMNn7"
2018-07-16T18:30:03, Find out more about the new Combat Air Strategy: An ambitious vision for the future  http://ow.ly/Q2Fp30kYllV pic.twitter.com/wOFqGhwSW9
2018-07-12T11:25:56,Thanks to @drcarolinej for chairing #ruralcrime meeting with the Solicitor General @RobertBuckland - important discussion on prosecutions and sentencing with @NFUtweets @MarcJonesLincs @DCCCraigNaylor @SamD_UK - working together we will tackle rural crime.pic.twitter.com/6j1Xfzy2xy
2018-07-11T17:58:05,All set at No:10! Come on England #ENGCRO #ENGvCRO #threeloins pic.twitter.com/0gCCxCszRI
2018-07-10T09:52:24,“Living in the countryside shouldn’t mean you live in fear of crime” - great quote from @drcarolinej at the launch of our Rural Crime Reporting Line with @CrimestoppersUKpic.twitter.com/bRMj4NpXYf
2018-07-10T12:33:25,Delighted to be in Westminster to help launch @CrimestoppersUK NEW rural crime number with @drcarolinej on behalf of @DCCCraigNaylor #RuralCrime @NFUtweets @NPRuralNmbland @northumbriapolpic.twitter.com/WXPNcs3tWN
2018-07-04T10:47:11,"Thanks to our balanced approach, debt is falling meaning that we can invest in our public services and support families with the cost of living 

WATCH: @PhilipHammondUK set Labour straight, saying working people would pay the price for their dodgy promises pic.twitter.com/rZZX8ighyy"
2018-07-04T08:15:09,"A brighter future for the British fishing industry 

As we leave the EU, the UK will be an independent coastal state, taking back control of our waters &amp; natural resources, as well as the flexibility to negotiate with other countries and ensure stocks are fished sustainably.pic.twitter.com/l2Jlm6UOnw"
2018-06-28T22:19:27,Home for the night! With @annietrev Trudi Harrison @NiaGriffithMP Anna Dixon Experience of military camping #AFPS @RoyalAirForce @royalnavy @BritishArmypic.twitter.com/nDF2T79yDP
2018-06-27T15:42:45,Suffraduck on tour! Thrilled with today’s purchase from the @UKParliament gift shop to mark the opening of the “Voice &amp; Vote” exhibition @visitparliament #suffraduck #vote100 #ducksinarow #ducksontour #ukparliamentpic.twitter.com/zsbMnikszE
2018-06-27T22:56:50,"My thanks to the 100 members of our Armed Forces who are playing a vital role supporting @manchesterfire responding to the Saddleworth fire - no matter the time, no matter the place, and no matter the situation they are always willing and ready to step up in our time of needhttps://twitter.com/defencehq/status/1012099455934435328 …"
2018-06-27T23:26:32,"Retweeted Conservatives (@Conservatives):

Watch @theresa_may set Jeremy Corbyn straight 15 times in 44 seconds 
#PMQs pic.twitter.com/3Mb9W4WExU https://twitter.com/Conservatives/status/1011970706178002944/video/1?utm_source=fb&amp;utm_medium=fb&amp;utm_campaign=chhcalling&amp;utm_content=1012114965694697472 …"
2018-06-26T22:34:48,A privilege to be there to honour the bravery and dedication of our Armed forces past and present.https://twitter.com/southkesteven/status/1011277402146820096 …
2018-06-26T07:39:44,Get information on protecting yourself and those most at risk in hot weather from @NHSChoices http://bit.ly/UaQbjU  #heatwavepic.twitter.com/6qjMIHrRhG
2018-06-24T14:48:20,Great response on the doorstep in North Hykeham. Campaigning for Stephen Roe.https://twitter.com/lynluxton4mp/status/1010896913879748608 …
2018-06-20T20:31:33,"Today Parliament has passed the EU Withdrawal Bill, a crucial step in delivering a smooth and orderly Brexit – the Brexit people voted for.pic.twitter.com/tuMoTAcYSt"
2018-06-19T20:13:19,"This is important. Some compounds within cannabis show real promise to help children with seizures. We must investigate to properly ascertain the correct medical preparation, indications, dosing, side effect profile etc so patients can benefit asap.https://twitter.com/jeremy_hunt/status/1009051855756906497 …"
2018-06-15T14:09:53,Great news that tax gap is at a 5 year low. A huge £71bn more funding for our public services than if we'd stayed at 2005-6 levels - equivalent of 200 hospitals. Hard work of government is paying off https://www.gov.uk/government/news/low-tax-gap-results-in-71-billion-for-uk-public-services …
2018-06-16T15:42:40,I think this is the right decision. Now the proper processes must be followed as quickly as possible to ensure the medical benefits/side effects/dosing/active ingredients etc of different forms of cannabis oil are fully assessed.https://twitter.com/ukhomeoffice/status/1007958532950515714 …
2018-06-16T06:49:41,I was horrified that one person used Parliamentary Procedures to block this bill. I am pleased the Prime Minister will ensure it becomes law.https://twitter.com/theresa_may/status/1007710305621807104 …
2018-06-08T09:23:19,Good to see others following our lead and ensuring those selling through online marketplaces are complying with VAT rules. #UKLeaders https://twitter.com/richard_asquith/status/1003603334304092160 …
2018-05-30T19:29:59,New series of coins to commemorate Brexit backed by the Treasuryhttps://www.thesun.co.uk/news/6406117/brexit-coins-commemoration-approved/ …
2018-05-24T06:53:57,I've completed the NRCNsurvey Why don't you? Act now to make your voice heard  http://www.nationalruralcrimenetwork.net/survey?member=social-tw … via @NationalRCN
2018-05-24T17:51:58,"Gift aid provides an extra £1.3Bn every year to support the work of charities. It was not designed to benefit fundraising platforms, some of whom are claiming it on their fees. I will be investigating this - thank you @DailyMailUK https://dailym.ai/2IbRNaV  via @MailOnline"
2018-05-23T22:46:06,Very excited about my debating competition to celebrate 100 years of women having the vote and encourage more girls to consider getting involved in politics. Really exciting prizes for the winners.  Contact Jessica.littleworth@parliament.uk for further detailspic.twitter.com/5fOFcb3WH2
2018-05-22T16:38:13,"How much will you save from our tax cut? 

Find out here with our calculator  http://conservatives.com/incometaxcut 

We're giving millions of people more help with the cost of living.pic.twitter.com/ssM24pxyVO"
2018-05-16T21:42:03,Ambulance response times have been a huge concern to me so I am really pleased to see confirmation that EMAS will receive £9milliom this year and £19million more next year. Great news for staff and patients in Lincolnshire. #EMAS @Jeremy_Hunt
2018-05-15T17:24:15,"Tonight’s @ITVLastOrders YTV 10.40 a cornucopia of fact from the fruit bowl of veracity . @duncanwooditv hosts @drcarolinej @KathPinnock . Discussing Brexit , Grammar schools and S Yorks mayor ."
2018-05-09T07:54:23,Great to see young people getting involved in politics and protecting their environment.https://twitter.com/hsaprimary/status/993954764059742208 …
2018-05-01T23:27:00,Lobbying Policing Minister @NickHurdUK for fairer funding for Lincolnshire Police today with John Hayes @EdwardLeighMP @mattwarman Chief Constable Skelly + @MarcJonesLincs Lincolnshire’s rurality poses specific challenges not adequately covered by the current funding formula.pic.twitter.com/uS3EbfExe5
2018-04-24T13:42:12,Honoured to be at the unveiling of the first statue of a female in Parliament Square. Without Millicent #Fawcett and others campaigning for equal rights for women I would not have been able to be an MP or a doctor. There is more to do but we should be proud of how far we’ve come.pic.twitter.com/WvSSaFKVla
2018-04-22T07:50:57,Met with @drcarolinej and @ray3840 yesterday to discuss the current situation at Grantham Hospital.pic.twitter.com/pDJ3wd4efe
2018-04-21T22:33:48,Meeting with the Chair of Sleaford Medical Group PPG (Patient participation group) this evening. Pleased that following recent improvements they have passed their most recent CQC inspection and are now delivering better quality patient care.pic.twitter.com/ewX97Jn795
2018-04-19T15:10:35,Alfie Evans’ case is complex and difficult - but whatever your view abuse aimed at staff is totally and utterly unacceptable and should STOP https://www.merseyside.police.uk/news/latest-news/2018/04/merseyside-police-comment-on-ongoing-issues-at-alder-hey-hospital/ …
2018-04-18T23:15:39,Delighted this sculpture is one step closer to being built. I met up with those behind the project recently and was impressed with their vision. It will look great and be a wonderful tribute to the #RAF #RAF100https://twitter.com/lincsreporter/status/986179996237656064 …
2018-04-08T08:54:17,"My article on @HuffPostUK “Thanks to the hard work of the British people, we have now reached a turning point in our recovery... But we recognise there is more to do to build an economy that works for everyone.” 

#EconomyFitForTheFuture @hmtreasuryhttps://www.huffingtonpost.co.uk/entry/uk-economy_uk_5ac73a12e4b09d0a11923953 …"
2018-04-06T17:25:19,4 big changes have been made this week to help you with the cost of living pic.twitter.com/WIc34fmE8Z
2018-03-30T23:03:58,"Thanks Alex! Great to have such a fab team. 
If you would like to join us please let me know.https://twitter.com/alex_maughan97/status/979673211620282368 …"
2018-03-27T08:32:30,"London  tops rankings as leading financial centre in the world 
http://www.cityam.com/282918/london-remains-top-world-global-financial-services-says …"
2018-03-23T17:53:34,"I’m trying to work out whether Harriet Harman is saying that there isnt a Labour woman good enough to beat a man, or that the Labour Party is too sexist to pick the best candidate if she happens to be a woman?

Not a good look either way. #LabourSexism #AllWomenShortlisthttps://twitter.com/politicshome/status/976912649483993088 …"
2018-03-09T17:41:48,"Thank you to @drcarolinej for raising the concerns of the medical profession regarding #bawagarba and reflective practice in the Commons.

#IAmHadiza #GMCFairHearingpic.twitter.com/RAZ6xgGAAp"
2018-03-09T13:28:50,"British manufacturing has been growing for nine months in a row. That's the longest unbroken run of growth in 50 years. We're building an economy fit for the future.  

http://ow.ly/hWlT30iQBmk pic.twitter.com/vbdhwjPKcY"
2018-02-28T14:05:36,Spring hasn’t quite arrived but the Spring Statement is just around the corner. Expect no tax/spend changes until the autumn... here’s @hmtreasury video to explain: #OneFiscalEventhttps://twitter.com/hmtreasury/status/968804671048634369 …
2018-02-28T17:00:04,"Just been texted this - Love it!

Just be driven past by a man on a tractor shouting: ""The end of the world is nigh!""
It was Farmer Geddon."
2018-02-24T10:18:52,"Neglected for too long, British food is enjoying a resurgance. Vital part of our culture and economy. Delighted @barford100 leading the charge! #GreatBritishFoodhttps://www.thetimes.co.uk/article/minette-batters-nfu-president-britain-isn-t-one-big-national-park-food-must-drive-brexit-agenda-ddzllslxz …"
2018-02-24T20:38:36,"Just to remind everyone of what was said about the referendum by the man who called it

https://t.co/iLHJiWHHpe?ssr=true"
2018-02-23T01:01:45,"Congratulations to Cllr Peter Rothwell for his success in today’s by-election in Swinderby, Witham St Hugh’s ward of NKDC. #Conservativegainpic.twitter.com/Cv4EVQqhUd"
2018-02-21T12:21:18,"Best run of productivity growth since before the financial crisis. 

Employment at a near-record high – and unemployment at a near-record low.

Plus yearly borrowing reduced by over £100bn since 2010.

Good economic news as we build an economy fit for the future.pic.twitter.com/3lPtPHJk0J"
2018-02-21T00:39:28,As I consultant paediatrician I’ve a strong interest in the needs of children. I met other Lincolnshire MPs today to discuss this review. If you are an interested constituent please contribute to the review and let me know your thoughts so I can best represent you.https://twitter.com/lincolnshirecc/status/965496328267681792 …
2018-02-14T13:07:28,"UK #MPs @GeraldJonesLAB, @MPphilwilson, @drcarolinej, @HuddlestonNigel @robertcourts, @willquince, @Royston_Smith &amp; @RuthSmeeth meet #MLAs @IanHansenMLA,Roger Spink, @stacybfk, @markpollardfi, @ElsbyB, @teslynbark &amp; Leona Roberts, as part of the Armed Forces MP #Falklands visit.pic.twitter.com/OFmmD0jawW"
2018-02-09T15:02:54,"Manufacturing is enjoying the longest unbroken run of growth in 30 years.

Encouraging statistics from @ONS showing we’re building an economy fit for the future.pic.twitter.com/jFxYYBIDWP"
2018-02-06T17:18:01,When @DrCarolineJ was elected in Dec. 2016 she became the 455th woman ever elected – matching the number of *current* male MPs for the first time  #Vote100pic.twitter.com/iHiGQ9fbzx
2018-02-06T12:43:42,"At Health Questions in Parliament today I raised the case of paediatrician #BawaGarba and concerns of fear among doctors, changes in reflective practice and effect on patient safety.  I welcome the urgent review @Jeremy_Hunt announced.pic.twitter.com/k40HI06hhs"
2018-02-01T23:45:15,Pleased to have made the point on #BBCQT in #Grantham tonight that we must unite behind @theresa_may to get the best Brexit deal for our country.https://twitter.com/freespirited_p/status/959204158447456258 …
2018-02-01T15:39:30,"Thank you Caroline Johnson @drcarolinej –  for hosting the Teeth Team event last night, we greatly appreciate it! @CommonsHealth #TTAnnualReport #childoralhealth #everydayhealthpic.twitter.com/SIDslw1JUM"
2018-01-27T18:55:04,It is very important that doctors can discuss mistakes/system errors so they and others can learn. It helps patient safety. We are already seeing changes in the engagement of some doctors with written reflective practice due to fear following this case.https://twitter.com/jeremy_hunt/status/956566247084347393 …
2018-01-24T17:04:40,Honoured to be appointed as Parliamentary Private Secretary to the Treasury ministers and looking forward to working with the Treasury team.
2018-01-23T17:43:09,Thanks to @drcarolinej for promising to #BackBritishSugar #SIP2018pic.twitter.com/f5HkW5MHFt
2018-01-23T16:54:35,Great to meet with you too - Looking forward to working together to support our rural communities.https://twitter.com/cla_politics/status/955796348909117447 …
2018-01-17T22:51:04,"Was your MP amongst the 243 Labour MPs who voted to try and block the EU Withdrawal Bill which is essential for a smooth Brexit?

Tell them they must put the national interest above playing politics and respect the referendum result:https://www.conservatives.com/respecttheresult …"
2018-01-17T22:25:09,Take a look at the backgrounds of the new women @conservatives MPs elected since 2025 . Eg @GillianKeegan @KemiBadenoch @JuliaLopezMP @drcarolinej  and Trudy Harrison. Vice chair @mariacaulfield et al. https://twitter.com/ian4sdp/status/953733554869035008 …
2018-01-10T01:11:33,"Today the @CommonsHealth received #dementiafriends training from the @alzheimerssoc. Informative and moving explanation of dementia, how emotional memory is relatively preserved and measures to help those living with dementia and their families.pic.twitter.com/wQEVLupSGT"
2018-01-05T21:21:58,Labour's economic policies don't add up - even they don't have faith in them.pic.twitter.com/p6gJE2Zd7U
2017-12-30T10:52:04,"“May did something an entire generation of male Conservative politicians has failed to do. She stayed... staying in place and putting her duty to the country before her personal comfort, in 2017 Theresa May exceeded all others” #ImWithMayhttps://blogs.spectator.co.uk/2017/12/my-person-of-the-year-theresa-may/ …"
2017-12-24T19:33:48,Merry Christmas!pic.twitter.com/yRF5UyLp2b
2017-12-22T21:18:26,“The UK has joined Germany as the fastest-growing advanced economy in 2016 after a last-minute revision to official figures”https://www.thetimes.co.uk/edition/business/revision-ranks-britain-as-joint-fastest-growing-economy-last-year-h6h0z6cvc …
2017-12-22T11:49:51,"The UK passport is an expression of our independence and sovereignty – symbolising our citizenship of a proud, great nation. That's why we have announced that the iconic #bluepassport will return after we leave the European Union in 2019.https://www.conservatives.com/sharethefacts/2017/12/blue-passports …"
2017-12-21T21:56:09,"I’ve always respected Frank Field, but this letter shows how individual cases you hear can be highly misleading &amp; individuals used for political purposeshttps://twitter.com/davidgauke/status/943847521029447685 …"
2017-12-19T14:09:28,Pleased to hear @sajidjavid announce Lincolnshire will be part of the keeping business rates pilot - bringing an extra £14million pounds for 2018-19
2017-12-08T09:01:16,Great progress on the road to a successful Brexithttps://twitter.com/theresa_may/status/939029294331731969 …
2017-12-08T08:44:14,"This deal gives our brilliant EU doctors &amp; nurses binding guarantees about their residence rights. NHS staff please spread the word to European colleagues: this is your home, we value your life-saving work, and we want you to stay."
2017-12-07T11:09:49,"Conservative MPs @NickBoles and @drcarolinej demand Grantham A&amp;E fully reopens ‘without further delay’

http://lincolnshirereporter.co.uk/?p=204087 pic.twitter.com/6BhRrvNPPE"
2017-12-06T17:18:23,.@jeremycorbyn has been caught misleading students yet again. When will he apologise to them? #PMQspic.twitter.com/2R8qQAjEYs
2017-12-06T12:25:25,".@theresa_may: ""@UK Labour are still misleading students on their student debt pledge"" #PMQspic.twitter.com/OFenftKJdY"
2017-12-05T13:18:04,Today we learn the UK’s phonics revolution has dramatically improved school standards - they’re a tribute to not only @Conservatives curriculum reforms but also the hard work of teachers up and down the country. https://www.facebook.com/notes/conservatives/from-58-to-81-per-cent-how-our-school-reforms-transformed-childrens-literacy/10155408271864332/ …pic.twitter.com/cFQvAuTpwd
2017-12-04T19:12:28,Great visit thank you. Very impressed with the next generation of RAF Officers.https://twitter.com/comdtcranwell/status/937658316725129216 …
2017-12-04T14:33:22,"The @Conservatives are protecting our environment for future generations:

Banned the ivory trade
CCTV mandatory in all slaughterhouses
Banned microbeads 
Increased sentences for animal cruelty
Working to cut single-use plastics
Banned harmful pesticides"
2017-12-04T14:12:46,"Since 2010 @Conservatives have:

Cut income tax 
Deficit down by ¾
Frozen fuel duty
Record levels of funding for NHS 
1.9m children in good/outstanding schools
Increased the National Living Wage
Building 1.5m homes
1000 jobs created every day
Cut stamp duty"
2017-12-01T09:40:04,#OTD 1919: Nancy Astor became the first woman to sit as an MP in the @HouseofCommons. https://www.parliament.uk/worksofart/artwork/michael-rizzello/portrait-relief-of-lady-nancy-astor-1879-1964-first-woman-to-sit-in-parliament-dec-1st-1919/s251 …pic.twitter.com/AUSXBUAN9H
2017-11-30T19:10:03,"Immigration Minister @BrandonLewis: Today’s ONS statistics show that net migration figures have fallen by 106,000 in the past yearpic.twitter.com/cnh579UAPI"
2017-11-27T18:39:01,Good news that glyphosate relicensed for use within Europe for a further five years #glyphosate #Roundup #sciencewinning
2017-11-24T16:20:52,"APPG for Children Who Need #palliativecare co-chair @drcarolinej said ""we want to know if there are any barriers which are stopping children &amp; families being able to make these choices &amp; if so, what the government, #NHS and others can do to overcome them.”http://bit.ly/APPGnews "
2017-11-19T11:30:57,"""Our negotiating position on money is very strong...we shouldn't fall into the trap"" of Mr Barnier's demands - says @Jacob_Rees_Mogg #bbcsppic.twitter.com/1TIq5BuAIr"
2017-11-19T16:37:02,"How much would labour spend in power? John McDonnell replies: ""You don't need a number"".pic.twitter.com/rZGTz08Uk8"
2017-11-17T16:44:34,"We are DELIGHTED to be able to confirm what our new gritters will be called, following the #DoncasterGrittingWorldCup final! 

They will be called: 

Gritsy Bitsy Teeny Weeny Yellow Anti-Slip Machiney 

And 

David Plowie"
2017-11-15T08:30:49,".@drcarolinej Ensuring Lincolnshire gets the investment it deserves

http://lincolnshirereporter.co.uk/?p=202663 pic.twitter.com/yvQmmWrXwP"
2017-11-12T11:15:17,We will remember them.pic.twitter.com/uzrzVoE35m
2017-11-12T09:43:36,"Sir James @Dyson says Britian should ""walk way"" from the EU without a deal. ""If you walk away, they will come to us"" #marrpic.twitter.com/oY61JgnRtF"
2017-11-10T13:23:39,"I have today set out the date and time of our exit from the European Union - 11pm, 29th March 2019: https://www.facebook.com/notes/theresa-may/i-am-determined-to-give-our-country-the-best-possible-brexit/1950978318252265/ …pic.twitter.com/ETql1xAhnV"
2017-11-10T14:08:01,"The #QuestionTimeNK panel is ready for the debate. @melvynprior is hosting with @MarcJonesLincs, @drcarolinej, Cllr Lindsey Cawrey and Sarah-Jane Mills from @NHSLincsWest facing the questions.pic.twitter.com/F17plrXVg9"
2017-11-01T22:28:40,Brilliant contributions from @drcarolinej at Parliament debate &amp; Health select committee. Thanks for the interest in Oral health &amp; Dentistry
2017-11-01T22:08:12,Thanks to @drcarolinej for hosting today at Westminster to discuss utilities across greater Lincolnshire @GreaterLincsLEP @TeamLincs
2017-10-31T19:29:37,Pleased to see @drcarolinej MP quizzing Jeremy Hunt on oral health &amp; the need to reform the dental contract at today's Health Cttee session
2017-10-28T15:40:40,Good crowd at 200 club event in Leadenham village hall last night. Though failed to win the draw! Insightful talk by @drcarolinej  MP.
2017-10-18T07:19:12,"Take a look at new £6m shared fire and ambulance station opening in Sleaford

http://lincolnshirereporter.co.uk/?p=201116 pic.twitter.com/TbGa45CWVq"
2017-10-16T13:12:38,"@fleetstreetfox tells #SkyPapers ""We can't grow sugar beet in this country"" Not true. We grow 8million tonnes annually in UK @BritishSugarpic.twitter.com/KLBiMcKDN0"
2017-10-15T08:58:02,"Chris Grayling says a no deal Brexit will mainly be bad for the EU and ""Britain will succeed whatever happens"" #marrpic.twitter.com/ohB6ycHr5v"
2017-10-14T12:01:36,Great to welcome @GavinWilliamson to #Sleaford last night - inspiring and entertaining speech. Great time had by allpic.twitter.com/Il8JLjqszE
2017-10-13T10:13:45,Jeremy Corbyn - seen here protesting at RAF Waddington in 2013 - won't say whether he'd sanction drone strikes as PMpic.twitter.com/qESPYu3TCM
2017-10-11T18:10:50,Poll by @SkyData suggests 74% of people think no Brexit deal is better than a bad deal while 26% think any deal would be better than no deal
2017-10-11T20:49:57,A number of Lincolnshire’s MPs met with @CommunitiesUK Secretary of State @sajidjavid today to press for #FairerFunding for our county.pic.twitter.com/LGIobgAv0y
2017-10-10T19:17:43,Thank you @drcarolinej for highlighting the fantastic work of the neonatal transport services #babylossdebate
2017-10-10T19:15:36,".@drcarolinej, Co-Chair of APPG for Children Who Need Palliative Care, is speaking about her experiences of #babyloss as a paediatrician"
2017-10-10T19:14:41,".@drcarolinej - ""no doubt we need to do absolutely everything we can to make sure #babyloss doesn't happen"" #babylossdebate"
2017-10-10T19:19:23,.@drcarolinej raises the need for better facilities on neonatal units to keep parents together with their baby #babyloss
2017-09-28T22:24:34,Big thanks to @drcarolinej for attending #Hough Parish Cluster Meeting tonight. Some great questions (&amp; answers) on wide range of issues!pic.twitter.com/MFv8UGrTfk
2017-09-24T16:33:05,Honoured to present some trophies at CIK-FIA World Championships @kartpfi @MSAUK Fantastic to see British winners in both age groupspic.twitter.com/HGIpjfBrLP
2017-09-24T13:28:51,Excited to be @kartpfi where the World Championship race is about to start.pic.twitter.com/9fNMHJtjuP
2017-09-22T09:38:13,Welcoming residents to discover more about @NorthKestevenDC at @drcarolinej senior citizens awareness day till 1pm @WhisbyNatureP: park freepic.twitter.com/zViyG371S5
2017-09-21T14:31:30,Tomorrow @drcarolinej will be hosting a Senior Citizens Fair for residents of North Hykeham and surrounding area 10.30AM-1PM @WhisbyNaturePpic.twitter.com/13tuqWfEf2
2017-09-17T13:16:39,Enjoying the racing today @ancasterkarting to raise money for @forageaid. Children cheering all the drivers but especially Daddy!pic.twitter.com/6cMg1QahvI
2017-09-05T20:09:48,"#harecoursers don’t care abt fines or when we seize cars, but they hate it when we seize dogs....we’ve seized over 40 so far #OpGalileo ^JTpic.twitter.com/Aves0ajF1g"
2017-08-03T13:44:57,"Latest update, if Greater Lincs was funded at the average rate of all  English councils - we would get a  £114m more every yearpic.twitter.com/lmebLcVhXV"
2017-07-24T19:32:03,"No wonder the Labour Party dislike facts, statistics and evidence based arguments.pic.twitter.com/nLHguSvjVk"
2017-07-26T07:25:37,"Labour claim it wasn't promised, here it is on video: ""Every existing student will have all their debts wiped off"" https://m.youtube.com/watch?feature=youtu.be&amp;v=JS7JmLY8EP8 …"
2017-07-23T21:47:18,"It's raining, Mrs C asked me to take the bins out, I said ""I'll deal with it"". I meant it in the Corbyn sense of the phrase, ie ""no"".https://twitter.com/huffpostuk/status/889081209095172096 …"
2017-07-25T14:17:09,Great to have @drcarolinej supporting our #thecountrysidematters campaign.pic.twitter.com/Xj41yvdiXC
2017-07-14T07:14:11,RT if you think British farmers work hard to protect the environment pic.twitter.com/JK5KU5y1MA
2017-07-14T14:04:27,Sleaford MP Caroline Johnson @drcarolinej challenges Roads Minister for A1 safety improvements. http://trib.al/LmEeTey pic.twitter.com/11qmtOK5UE
2017-07-13T21:51:00,There far are too many serious accidents on the A1 from Grantham to Newark. We are working together to achieve necessary road improvements.https://twitter.com/robertjenrick/status/885612591858548743 …
2017-07-10T22:34:44,Thank you @Brookandmayo for inviting me to your celebrations. Thriving company + great team spirit from staff who each own company shares.https://twitter.com/brookandmayo/status/880779323531251712 …
2017-06-30T22:22:27,Inspiring visit @EBP_UK discussing National Citizens Service. Equips young people with important skills + is fun! I strongly recommend it.https://twitter.com/ebp_uk/status/880761150559969280 …
2017-06-27T11:30:01,"We're lobbying for fast, affordable &amp; reliable broadband &amp; mobile coverage for farmers, growers &amp; rural communities. http://bit.ly/2m1MThM pic.twitter.com/F9DeqrQBUx"
2017-06-24T08:33:33,It's Armed Forces Day. Please spare a thought for all those who have served and continue to serve our country everyday. #ArmedForcesDaypic.twitter.com/cfbwhRGh7r
2017-06-22T07:06:53,Labour just can't help themselves can they? Still trying to unlock the talent of hugely successful BAME Tories #condescending #Cluelesspic.twitter.com/0xrwoRdHhA
2017-06-21T20:22:07,Thank you @BrookandMayo - I'm looking forward to seeing you!
2017-06-19T14:59:39,#OnThisDay 100 yrs ago today MPs finally voted to give women the vote at committee stage in Parliament. Huge moment in history!pic.twitter.com/rEFJe5aOBM
2017-06-17T06:49:29,With George Eustace MP discussing challenges and opportunities for Agriculture #BackBritishFarming thank you  @RWilliamson01 @farmerThomopic.twitter.com/LI9pbDaOT6
2017-06-09T16:51:04,Honoured + delighted to have been re-elected to represent Sleaford + North Hykeham with increased vote share + increased majority.
2017-06-07T11:13:51,Team Sleaford helping with the campaign in Derby North today @lynluxton4MP #VoteConservativepic.twitter.com/Lu8Lz2ObKY
2017-06-05T19:01:06,ICYMI - Diane Abbott in charge of our nation’s security? A vote for anyone other than the Conservatives risks Abbott becoming Home Secretarypic.twitter.com/EIuXTxNUX5
2017-06-06T14:18:09,"Teams out, whatever the weather, in Gedling for @Abbott4Gedling with Chris Grayling &amp; @drcarolinejpic.twitter.com/9tISjXbne1"
2017-06-05T21:01:41,Great team and lots of Conservative voters in Washingborough and Heighington today.pic.twitter.com/0kJU3o90Hs
2017-06-04T10:53:23,"""Enough is enough."" Read the PM’s response on Downing Street following last night’s brutal terror attack. https://www.gov.uk/government/speeches/pm-statement-following-london-terror-attack-4-june-2017 …pic.twitter.com/X9rKPOQNyQ"
2017-06-03T13:49:57,Team Sleaford in Gedling. Great response for #Conservativepic.twitter.com/WzRPABXgAz
2017-06-03T10:46:07,Positive response is sunny Sleaford this am @RuskingtonRich @lynluxton4MP @alex_maughan97pic.twitter.com/uPyMJUbvpW
2017-06-01T08:37:59,".@lincspolice taking on drones to help fight crime. It'll cost £15,000 to help in missing person searches and combating harecoursing.pic.twitter.com/2RTOvzuIOF"
2017-05-31T18:53:44,“We have to stop thinking there’s a magic money tree” - Amber Rudd v Jeremy Corbyn #BBCDebatepic.twitter.com/7uVlOBbdJz
2017-05-31T19:20:36,"If you want more money for the NHS, you need a strong economy. Corbyn would drive the economy off a cliff #BBCDebate"
2017-05-31T14:19:27,"Half term reading practice!
@mattwarmanpic.twitter.com/1cEogFy2oI"
2017-05-29T19:49:19,"Destroying businesses, jobs and incomes with higher taxes does nothing to help funding for vital services like our NHS #BattleForNumber10"
2017-05-29T19:52:59,Corbyn won't say if prepared to use Trident. Don't risk him in charge of our country's security in just 10 days' time #BattleForNumber10
2017-05-27T17:08:16,Great to be out campaigning with @drcarolinej in Heckington today. Enjoyed a superb campaign lunch at The Pop Inn Cafe &amp; Bar too!pic.twitter.com/mJjOTdgEay
2017-05-26T06:01:00,Back Theresa May and her team to get the best Brexit deal for you and your family. Every vote will strengthen her negotiating hand. #GE2017pic.twitter.com/JyVRARrNOo
2017-05-23T20:46:40,Tragic events in Manchester. My thoughts and prayers are with those affected by the attack.
2017-05-22T12:26:55,Very positive response in Barkston- many already voted #Conservative. Thank you @ray3840 Valerie and @lynluxton4MPpic.twitter.com/rhgFkurO7I
2017-05-20T16:31:49,"Family fun in Newton, dog show, Morris dancing... and successful hits at the coconut shy!pic.twitter.com/Q0Vj6leXMH"
2017-05-20T13:35:52,"Strong Conservative team listening to voters - 
with @karlmccartney and @alex_maughan97 at Hykeham Forumpic.twitter.com/VrttDaAmXT"
2017-05-20T13:34:03,Thank you @RuskingtonRich for your help this am. Lots of Conservative support in North Hykeham.pic.twitter.com/kvx86hLnZe
2017-05-18T15:55:33,#Conservatives supporting British farmers.https://twitter.com/andrealeadsom/status/865222574371897345 …
2017-05-18T15:30:50,Lovely morning in Witham St Hugh's - good response on the doorsteppic.twitter.com/rAJLhtkCHD
2017-05-17T11:54:24,Enjoying some very wet canvassing in Ancaster. Thank you @ray3840 @lynluxton4MP Ian and SJ for your help.pic.twitter.com/jFuGInJMQj
2017-05-16T21:57:44,Raining - welcome news for farmers + certainly not dampening the spirits of Sleaford team canvassing for @JaneMHunt in Nottingham Southpic.twitter.com/dcjnpEa7YH
2017-05-16T20:00:52,Great support for @JaneMHunt in Nottingham South today. @BorisJohnson @RobertJenrick @annasoubrymp @NickyMorgan01pic.twitter.com/hMA6lMPijW
2017-05-16T15:28:10,While meeting Boris I was pleased to meet @drcarolinej a wonderful lady &amp;im sure a wonderful candidate for Sleaford and North Hykehampic.twitter.com/NOEu8fOtK4
2017-05-16T12:56:21,@drcarolinej #Conservative candidate and local lady talking about what matters in #Sleaford &amp; #NorthHykeham to @BBCLookNorthpic.twitter.com/XESaSelfCC
2017-05-15T13:55:41,Great team supporting @benbradley32 in Mansfield today with @JustineGreening @Mark_Spencer @SamGyimah @drcarolinejpic.twitter.com/kp0PXfkdIR
2017-05-11T23:39:06,Successful campaign launch in Sleaford + North Hykeham today.pic.twitter.com/eEfiGijdu7
2017-05-10T23:50:22,I can't think why this came to mind this evening.pic.twitter.com/b9BfNnENkb
2017-05-11T13:33:56,Good response on the doorsteps of Gedling for @Abbott4Gedling and @Conservatives #GE2017https://twitter.com/robertjenrick/status/862660945889419265 …
2017-05-09T18:14:12,"TM: politics is about people, and about improving people's lives - and doing the things that will help people get on in life"
2017-05-09T13:40:20,Big team out for @benbradley32 in Mansfield with @trussliz @BrandonLewis @Mark_Spencer @NickyMorgan01 @Anna_Soubry @drcarolinejpic.twitter.com/AE1VYu8Hy0
2017-05-08T20:49:14,Was fun Karl  - see you again Very soon!https://twitter.com/karlmccartney/status/861682793419591680 …
2017-05-08T19:30:01,"This Saturday is the @StBarnabasLinc Colour Dash at the @LincsShowground. Raise money and get messy!
http://visitlincoln.com/whats-on/st-barnabas-colour-dash-2017 …"
2017-05-05T10:36:47,Our #LE2017 votes are encouraging BUT only a vote for Theresa May on 8 June will give her the backing she needs to get on with the job
2017-05-05T02:06:29,A well deserved win after a great campaign. Well done - Hough has gained a brilliant County Councillorhttps://twitter.com/alex_maughan97/status/860298791890669574 …
2017-05-04T20:04:39,GOTV going well with @alex_maughan97pic.twitter.com/eQaOa5h34a
2017-05-02T21:06:20,Honoured and delighted to have been readopted this evening as the Conservative Parliamentary Candidate for Sleaford + North Hykeham. #GE2017
2017-05-02T14:32:16,Was this the sort of Police Officer Diane Abbott was thinking about?pic.twitter.com/GP3Uz9IOzw
2017-05-01T13:41:37,A windswept Team canvassing for Lincolnshire county council candidate @CllrKateCookpic.twitter.com/rbg1kD0AOT
2017-04-30T10:13:52,Enjoying the view from the thought provoking International Bomber Command Centre with the inspirational people making it happen @IntBCCpic.twitter.com/qsi53dMlpS
2017-04-26T16:07:22,"Every vote for me is a vote for strong, stable leadership in the national interest-building a stronger, more secure future for this country.pic.twitter.com/6NtoHQHeTL"
2017-04-27T05:43:07,"£1200 fine, 80 hours unpaid work &amp; 12 mth ban on owning a dog for hare courser from Derby. The ban is the effective part. No dog no coursinghttps://twitter.com/chinsp_jimtyner/status/857345266122461184 …"
2017-04-24T11:31:06,"Latest CBI industrial survey for April: strongest growth in export orders in six years, non-EU exports rising at fastest pace on record."
2017-04-23T14:22:00,Coming-up on Sunday Politics Yorks &amp; Lincs @drcarolinej @OnnMel @VAylingukip1 have their say in Lincoln #bbcsppic.twitter.com/6Pl23gCFc6
2017-04-22T21:11:34,Big thanks to @drcarolinej and S&amp;NH Conservative Future for help campaigning in Caythopre this evening! #LCC17pic.twitter.com/VbjG2hfxyK
2017-04-22T15:19:53,Canvassing in Cranwell this afternoon with @mark_storerpic.twitter.com/P88c4YgFEj
2017-04-22T10:09:33,Out campaigning with Fantastic County Council candidate @robkendrick53pic.twitter.com/KSFcdxniim
2017-04-10T13:20:55,"Remembering PC Keith Palmer, who tragically lost his life in the line of duty in Parliament. #PCKeithPalmerRIP https://goo.gl/hj2wmO pic.twitter.com/SuSDZAuwVq"
2017-04-06T21:30:18,With @damiangreenmp at @CTTSGROUP today-they won an Armed Forces Covenant Silver Award + have impressive telecommunications training schemespic.twitter.com/2nST4yTLLJ
2017-04-06T21:12:24,"With @damiangreenmp + Ray Phillips at Turbine Efficiency, a stellar example of the high skilled technical work that Lincolnshire excels at.pic.twitter.com/9ndoQIgfXa"
2017-04-04T00:06:23,Resting place of former Prime Minister the Earl of Ripon. One of many interesting things I saw on Saturdays relaunch of Nocton Village trailpic.twitter.com/0fvK4N8ouE
2017-03-30T20:54:07,"Well, you know what they say about imitation and flattery....pic.twitter.com/R7SltrrWjW"
2017-03-28T09:29:51,RT to show your support for small #farms &amp; read why they're vital to the #rural economy in @csmaje's #blog here: http://ow.ly/m7KY30ak5jI pic.twitter.com/LyoZGTOHpD
2017-03-29T13:32:38,Good to hear @drcarolinej raise the importance of British farming during the Prime Minister's Article 50 Statement #BackBritishFarming
2017-03-23T22:43:21,Congratulations to @RuskingtonRich on his election as leader of North Kesteven District Council.
2017-03-22T23:09:46,PM: Our thoughts and prayers go out to all who have been affected by the attack on the streets of our capital. https://www.gov.uk/government/news/prime-ministers-statement-following-attack-in-westminster …pic.twitter.com/eBoU6ahJYk
2017-03-22T21:48:42,Entire @HouseofCommons united in thanks to our police &amp; security staff today and heartfelt sympathy for those who were injured or bereaved
2017-03-22T21:40:33,Deeply saddened by today's events in Westminster. My thoughts and prayers this evening are with the victims and their loved ones
2017-03-18T18:04:23,Attended  interesting meeting with Caroline Johnson MP @drcarolinej  today. Good to hear her interest in issues that concern us.
2017-03-16T10:36:02,.@drcarolinej questions the Government over the issue of hare coursing and what is being done by the CPS to ensure successful prosecutionspic.twitter.com/JMlURmqhaq
2017-03-08T16:54:48,A stable Budget for #Lincolnshire Sleaford &amp; North Hykeham MP @drcarolinej tells @looknorthBBC #Budget2017pic.twitter.com/YgeGiOZK99
2017-03-02T15:26:51,Now in Sleaford with newly elected MP Caroline Johnson discussing issues with @SleafordStpic.twitter.com/xQUFgy4bOp
2017-03-08T05:54:21,#harecoursing debate includes input from Lincs MPs @drcarolinej @mattwarman https://hansard.parliament.uk/Commons/2017-03-07/debates/B19FC866-B8DB-4888-8EA3-E1BB0E159F7F/RuralPolicingAndHareCoursing …
2017-03-07T13:41:13,2-0 to the @Conservatives #InternationalWomensDaypic.twitter.com/OWeRAQrkVg
2017-03-05T22:23:59,Met with Dean Fathers and Jan Soberaj on Friday @ULHT_News to discuss how to get Grantham A+E open 24hrs asap.
2017-03-01T09:15:02,"#OnThisDay in 1812 Augustus Pugin, architect &amp; designer of the Palace of Westminster, was born  https://goo.gl/8Wf3ip pic.twitter.com/mHRTi3KLte"
2017-02-25T22:26:25,Thank you for today @drcarolinej from @F4GranthamHosp xpic.twitter.com/UtWZpjs17R
2017-02-25T21:26:31,Great to see @drcarolinej leading the march in Grantham today to restore 24/7 A&amp;Epic.twitter.com/gHXwUatg5l
2017-02-25T11:10:59,Huge crowds for the third march in protest at the continued overnight closure of Grantham A&amp;Epic.twitter.com/0SYZNpOU4M
2017-02-24T02:52:14,Welcome to Trudy Harrison: Copeland’s first Conservative MP since 1935!pic.twitter.com/nvkkeVK5lW
2017-02-22T15:26:14,Today @NickBolesNews @drcarolinej &amp; I took overnight A&amp;E closures at Grantham Hospital to the top and met the PMpic.twitter.com/Ppj7lVx7FI
2017-02-22T10:16:48,UK economy grows faster than thoughthttp://bbc.in/2lucFLR 
2017-02-21T20:10:10,Bookings are now open for school visits to Parliament between April-June. Head to http://parliament.uk/schoolvisits  - really worthwhile trips
2017-02-21T15:21:20,"Useful discussion today with Robert Buckland, Solicitor General on how to tackle the menace of hare coursing in our countryside.pic.twitter.com/BwJ3Gp6XHf"
2017-02-19T10:49:36,"Out campaigning in Copeland this morning with two little helpers 
#conservatives #Copelandbyelectionpic.twitter.com/RSAAuvckdg"
2017-02-18T22:23:18,Campaigning in Keswick today for excellent local candidate Trudy Harrisonpic.twitter.com/h8rd5BfY99
2017-02-17T19:21:35,Thanks to @drcarolinej for supporting my campaign in Copeland. THpic.twitter.com/gLPVV5goIV
2017-02-17T11:57:05,Full house for today's Rural Crime meeting in Boston. Great to listen to community views with Chief Constable &amp; MPs @mattwarman @drcarolinejpic.twitter.com/x6N1mQVHCU
2017-02-09T14:16:52,Big team of @Conservatives out in #stokebyelection today with Chris Grayling supporting Jack Brereton's campaignpic.twitter.com/88xAM1fgkv
2017-01-15T21:10:00,"Local MPs urge government to support ""brave"" ambulance staff in rural areas
http://www.lincolnshirelive.co.uk/local-mps-urge-government-to-support-brave-ambulance-staff-in-rural-areas/story-30059428-detail/story.html#ZgdVlrg48P30PmgQ.99 …pic.twitter.com/uLQhyFVqjX"
2017-02-08T15:39:49,"@drcarolinej thanks for your support @Tog4ShortLives reception, we look forward to working with you #forthe49000 http://bit.ly/forthe49000 pic.twitter.com/KsPkBku5Vn"
2017-02-07T12:15:09,"Today, on my own initiative, I am coming out of hospital to support the government on the #Article50 bill. Details: https://www.facebook.com/nickbolesmp/photos/a.912097612249646.1073741828.521984534594291/1118721188253953/?type=3&amp;theater …pic.twitter.com/mjvjrbFlLK"
2017-02-06T12:18:02,Pleased to have hosted today's MP's Business Forum Lunch @karlmccartney @drcarolinej with local business representativespic.twitter.com/IJHtjI2FlC
2017-02-02T11:51:59,"Big team of @Conservatives out in #StokeCentral today, campaigning for the excellent Jack Breretonpic.twitter.com/NaijEsDsoh"
2017-01-26T14:00:17,"Pleased to qualify this morning as a #MentalHealthFirstAider thank you to 
@PoppyJaman @Jeremy_Hunt @MHFAEnglandpic.twitter.com/1KI8lAR59j"
2017-01-16T10:07:13,Great to hear Grantham Hospital being recognised for the excellent services it provides.https://twitter.com/ULHT_News/status/820933695196594176 …
2017-01-06T20:51:39,Useful meeting tonight to discuss how we can better support #RuralCrime and Hare Coursing operations in the coming months.pic.twitter.com/wS255YBjPJ
2017-01-06T13:43:57,Rain not putting @RobertJenrick &amp; I off campaigning today for @Conservatives win in #CopelandByElection @CopelandToriespic.twitter.com/v7sm9xnZrN
2016-12-24T09:30:06,Watch the PM’s tribute to the “extraordinary sacrifices” made by the Armed Forces at this time of year: https://www.gov.uk/government/news/prime-ministers-christmas-2016-message-to-the-armed-forces …pic.twitter.com/EhvUdcDSwC
2016-12-22T00:38:15,RAF Cranwell to become major medicine training camp | Lincolnshire Live http://po.st/aKtY0a  via @LincsLive
2016-12-14T13:06:02,Great to hear message of support for Grantham hospital from @NickBolesMP at #pmqs today - Will be working closely with him &amp; @RobertJenrick
2016-12-12T18:20:38,A pleasure to introduce our new Lincolnshire colleague @drcarolinej to Parliament today with @RobertJenrickpic.twitter.com/ChHN9ZBrBC
2016-12-12T22:06:24,30 years of @Conservatives by-election success in government @WilliamJHague @robertcourts @drcarolinejpic.twitter.com/c23pl4SOvM
2016-12-09T11:10:30,"I’m truly honoured to be elected to serve as the MP for my home, Sleaford and North Hykeham.pic.twitter.com/vDwyp2jOpd"
2016-12-08T22:00:01,Polls have now closed. Big thank you to all volunteers and local residents across Sleaford and North Hykeham for the fantastic support.
2016-12-08T21:30:02,JUST 30 MINUTES TO GO! Make sure you vote before 10pm.pic.twitter.com/T3ZeAuKD2j
2016-12-08T20:30:00,Just ONE HOUR AND A HALF hours left to vote today! Don't forget to vote.pic.twitter.com/OFEGmCvhIi
2016-12-08T19:30:01,Less than THREE HOURS to make your vote count. Vote for me before 10pm!pic.twitter.com/VgOA38IfSo
2016-12-08T18:30:01,UNDER 4 HOURS UNTIL POLLS CLOSE. Make your vote count today!pic.twitter.com/HAGz8ODXjz
2016-12-08T17:30:02,LESS THAN 5 HOURS TO GO! Make sure you vote before 10pm.pic.twitter.com/n2eRl2KaQZ
2016-12-08T16:30:02,LESS THAN 6 HOURS LEFT TO VOTE. Make your vote count today.pic.twitter.com/ckPjz4vvQD
2016-12-08T15:30:01,Make your vote count today! Polls open until 10pm.pic.twitter.com/HDyZmioQIc
2016-12-08T14:30:01,Less than 8 hours until polls close! Don't forget to vote today.pic.twitter.com/emvnvXIiyt
2016-12-08T13:30:01,Less that 11 hours until polls close. Don't forget to vote for me today!pic.twitter.com/HZnvbQOxIa
2016-12-08T12:30:01,Less than 12 hours left to vote! Make sure you vote for me today.pic.twitter.com/aM3IM68iGL
2016-12-08T11:30:01,Make your vote count today. Polling stations close at 10pm!pic.twitter.com/QCP9x3nFlQ
2016-12-08T10:30:00,Less than 12 hours until polls close! Make sure you vote today.pic.twitter.com/XH3z3u4rEU
2016-12-08T08:30:00,Make your vote count today! Polling stations open until 10pm. Don't forget to vote.pic.twitter.com/nYsMAZ2tL4
2016-12-08T08:06:07,Polling stations are open until 10pm today! Don't forget to vote.
2016-12-07T22:00:03,It is polling day tomorrow. Don't forget to vote. Polling stations open at 7am!pic.twitter.com/PuGd9wtlt9
2016-12-07T20:00:02,Last chance to make your pledge to vote tomorrow! http://www.conservatives.com/pledgesnh 
2016-12-07T18:00:01,It is polling day tomorrow. Make sure to vote. Polling stations open from 7am to 10pm.pic.twitter.com/JO6CaYpxFC
2016-12-07T16:00:01,Remember to make your pledge to vote for me tomorrow at http://www.conservatives.com/pledgesnh . So grateful to all those who have done so already!
2016-12-07T14:00:02,It is polling day tomorrow. Make sure you vote. Polling stations open until 10pm.pic.twitter.com/enu4oemkN5
2016-12-07T12:29:18,Out again in village of #Claypole on the #sleafordnorthhykeham campaign trail 4 @drcarolinej with @_Lisa_Townsend - good response this ampic.twitter.com/WGRn91gS1n
2016-12-07T11:25:04,Warming up after long morning of campaigning for @drcarolinej around Claypole with @damiangreenmp @GuyOpperman @EmmaMcClarkin #Sleafordpic.twitter.com/x29lVPP0s0
2016-12-07T12:00:03,Make sure you've made your pledge to vote tomorrow! http://www.conservatives.com/pledgesnh 
2016-12-07T10:00:02,It is polling day tomorrow. Don't forget to vote. Polls open from 7am-10pm!pic.twitter.com/ipJpRrq3TB
2016-12-05T18:58:15,Great to support our @drcarolinej for #Sleaford and local activists today in #Barrowby with @mattwarmanpic.twitter.com/JcImgw6fFS
2016-12-04T13:59:19,Women @cwowomen in #sleafordandnorthhykeham with #Conservatives candidate @drcarolinej @Molly4Wstow @joymorrisseypic.twitter.com/Jdi8ByeROt
2016-12-04T10:51:17,Women supporting women in#sleafordandnorthhykeham @drcarolinej #Conservatives @LondonCWO @cwowomenpic.twitter.com/qMtEXpfvzr
2016-12-04T11:23:59,Good house meeting in #Ruskington last night. Lots of issues and topics discussed with villagers #sleafordandnorthhykehampic.twitter.com/CYF1KLD3mq
2016-12-03T16:18:46,A quick break after a busy afternoon of campaigning with @mattwarman and @robertjenrick. You don't get this type of seat all year round!pic.twitter.com/rFqei3Z646
2016-12-03T15:23:03,Supporting our great candidate @drcarolinej and Sleaford's shops with @tania_mathias #SmallBizSatUK #SleafordByElectionpic.twitter.com/fjRVIQyjpY
2016-12-03T13:48:41,Out and about in #Branston this afternoon. Tremendous show of support from campaign team. Will be talking to residents about my 5 point planpic.twitter.com/yeM1777rpE
2016-12-03T13:18:23,Thank you to everyone who is supporting my campaign in #sleafordandnorthhykeham today. Very grateful for all your effort and commitment.pic.twitter.com/7pP62nIhti
2016-12-03T12:50:22,Last Saturday before #byelection on Thurs 8th in #sleafordandnorthhykeham. @Women2Win out campaigning for @drcarolinejpic.twitter.com/jYJ6qsmAHx
2016-12-03T11:20:49,Not long to go until the #Sleaford and #NorthHykeham by election for @drcarolinejpic.twitter.com/jXiwdolVzh
2016-12-03T12:18:18,Good to see Business Secretary @gregclarkmp visit @Total_Sports_ in #Sleaford to talk about boosting local shops #SmallBusinessSaturdaypic.twitter.com/KBcppFh2E8
2016-12-02T15:41:42,Spent a fun day in lovely Sleaford &amp; villages nearby campaigning for next MP @drcarolinej - Billy v. popular here! #sleafordandnorthhykehampic.twitter.com/saVqDRMMqb
2016-12-01T22:58:53,Great support for the excellent @drcarolinej at #sleafordandnorthhykeham today. With @RobertJenrick @Nus_Ghani @robertcourts &amp; Rishi Sunakpic.twitter.com/LMR2Wva0Zt
2016-12-02T12:21:59,Enjoyed speaking to local residents at #Sleaford house meeting with @Patrick4Dales yesterday. Important to get feedback from our communities
2016-12-02T11:12:32,Enjoyed talking to @HBaldwinMP at RAF Cranwell with @Patrick4Dales. Military very important to #Lincolnshire. Glad to see Gov support.pic.twitter.com/NPwY4a6Ei3
2016-12-01T16:14:18,#MeltonBlue Team along with @SLConservatives @LeicesterCons @LeicRutlandCons and @AlbertoCostaMP out and about campaigning for @drcarolinejpic.twitter.com/hwJVpukHkt
2016-11-30T16:15:19,Big team going from @women2win to support @drcarolinej this Saturday. Do get in touch if you plan to be there too. #sleafordandnorthhykeham
2016-11-29T11:22:18,"To give businesses certainty and stability, we're cutting corporation tax. #AutumnStatement RETWEETpic.twitter.com/r0BBdE22RQ"
2016-11-28T23:28:32,Had a great morning in #Sleaford with @JustineGreening. Went to @RayButlerLtd meet the team and apprentices. A great local company.
2016-11-28T22:56:51,"Out and about in #NorthHykeham this afternoon with Kieron, Beth and Jacob asking residents to fill in my survey about local issuespic.twitter.com/F0Xb4Fuc7H"
2016-11-28T12:15:59,Government confirm £50m Lincoln Eastern By-pass - Well done @karlmccartney &amp; @drcarolinej delivering for our areapic.twitter.com/020KuIPKS6
2016-11-28T16:23:36,Government to invest £50m for #Lincoln Eastern Bypass. @KarlMcCartney and I are delighted with news. Will help ease congestion for people.pic.twitter.com/j2l4aQq4oZ
2016-11-27T20:20:15,Another great day campaigning for @drcarolinej in Sleaford &amp; North Hykeham w/ @SimonClarke84 &amp; @PrescottBeth  back down again tomorrow xpic.twitter.com/Z2YNswYJ5Y
2016-11-27T21:17:13,In #Sleaford Market Place with @CllrKateCook after a wonderful #Christingle Service just waiting for the #Christmas lights to be switched onpic.twitter.com/yTbezLDvoD
2016-11-27T14:13:44,Looks like the stage is ready for the Sleaford Christmas Lights switch on. @Chippyelite @Rob_Hammond @CllrRWillispic.twitter.com/2AB5FK0yty
2016-11-27T14:45:26,A very busy afternoon at #Sleaford Xmas market. Plenty of music and stalls. Talked to lots of people - a great atmosphere.
2016-11-27T13:14:21,Called into Sleaford this afternoon on my way to Westminster to support @drcarolinej. Good luck at the by-election!pic.twitter.com/O2U3luH0QW
2016-11-27T11:55:51,"Thank you to Michael, Mario and Johnny for coming to help with my campaign in #Sleaford and #NorthHykeham this morningpic.twitter.com/YdRYTISH0K"
2016-11-27T11:38:53,Lovely morning to be out in sunny #Sleaford to campaign for @drcarolinej! And a Christmas market to boot! #SleafordandNH #Byelectionpic.twitter.com/ubFXHy6C3Y
2016-11-26T20:43:55,Good chatting to retailers like Sarah and Rita at #Branston Christmas Market earlier. Lots of stalls and very busy.pic.twitter.com/LQUTLN10cy
2016-11-26T11:01:15,Great crisp morning campaigning for @drcarolinej in #Sleaford &amp; #NorthHykeham #byelection for the #Conservativepic.twitter.com/EhZ0XMZnBL
2016-11-26T14:25:17,More positive responses on the doorstep today in #SleafordAndNH for @drcarolinejpic.twitter.com/89H4mhlEiK
2016-11-26T20:06:46,Lots to talk about at #Leadenham Village Hall Xmas coffee morning today. Here is Steph trying to tempt me with some cake!pic.twitter.com/1wOTKUqWv7
2016-11-25T16:08:02,Met the team today at @LindumGroupLtd with International Trade Secretary @LiamFoxMP - a fantastic local business and important employerpic.twitter.com/yP7ge8GvFB
2016-11-25T12:52:01,Enjoyed visiting award winning construction company @LindumGroupLtd today with Trade Secretary @LiamFoxMP &amp; @drcarolinejpic.twitter.com/Kzgrv94B6M
2016-11-24T14:41:52,"Unexpected visit today from Nick Gibb MP, Minister of State for Schools &amp; Dr Caroline Johnson. Pupils as ever were really impressive!pic.twitter.com/Hoe278jrzq"
2016-11-24T17:56:21,Took Transport Secretary Chris Grayling to #greatgonerby today.Spoke about reducing road congestion locally. Part of my five point plan.pic.twitter.com/sbQAyiJyO3
2016-11-24T16:55:58,More support for the great @drcarolinej - meeting voters in Hough and beautiful villages of Sleaford &amp; North Hykehampic.twitter.com/N9M3skKP2l
2016-11-24T16:24:26,Enjoyed talking to some very bright pupils at Sir William Robertson Academy in #Welbourn this morning with @NickGibbMP
2016-11-24T13:51:07,Superb turnout from @conservatives to support @drcarolinej - our champion for Sleaford &amp; North Hykehampic.twitter.com/kgEf9G53fJ
2016-11-23T21:42:32,Today’s #AutumnStatement will deliver for ordinary working families in #Sleaford and #NorthHykeham. My thoughts here;http://bit.ly/2fSsgUO 
2016-11-23T17:32:31,Enjoyed speaking to Roz today in Osbournby about local issues at village coffee morning. Some very tasty cake too!pic.twitter.com/lzM074GXn0
2016-11-23T13:56:59,Making calls for @drcarolinej in the Sleaford and North Hykeham by-election last night #VoteConservative @Conservativespic.twitter.com/apUMmPThuy
2016-11-23T15:44:28,"A good campaign session in #Claypole earlier with Peter, Liam + Gareth.Letting people know about my five point plan to help our communitiespic.twitter.com/tqaF52NoEE"
2016-11-22T13:06:43,This govt will introduce £1bn new investment to bring better broadband connections to 2m more homes &amp; businesseshttp://www.telegraph.co.uk/news/2016/11/22/autumn-statement-philip-hammond-pledge-1bn-better-broadband/ …
2016-11-21T22:11:40,"Tooting crew manning the phones tonight for our great candidate in #SleafordByElection, local NHS doctor @DrCarolineJpic.twitter.com/SFO3ADQf2R"
2016-11-21T18:05:03,Great to meet with Digital Minister @MattHancockMP &amp; @CllrmHill today. Improving superfast broadband access key part of my plan for our areapic.twitter.com/xC6kCfWZle
2016-11-21T10:45:03,"Lincolnshire Police are recruiting! For more information about eligibility and how to apply, please click the... http://fb.me/1m4PA6qMR "
2016-11-21T10:23:16,Out in Sleaford campaigning for @drcarolinej in the rain. Even the weather can't dampen our enthusiasm!pic.twitter.com/v13u4azGlk
2016-11-19T14:09:42,By election #Sleaford @CF_Chinese @PrescottBeth @ChrisWRowell @drcarolinej @Women2Win @ConWayFor  A brilliant candidate !pic.twitter.com/TviyCdiNRE
2016-11-20T10:17:14,With @bernardjenkin supporting @drcarolinej for @conservatives in North Hykeham #sleafordandnorthhykeham by electionpic.twitter.com/sGbMuVQ7BL
2016-11-20T12:34:59,Enjoying the craft fair at Wellingore Memorial Hall and meeting some of our fantastic small business ownerspic.twitter.com/3kDlgEvORn
2016-11-20T10:46:40,A pleasure to join our excellent candidate @drcarolinej in Sleaford today with @Daniel_J_Ellis @Conservativespic.twitter.com/o0ataThSk9
2016-11-20T10:04:56,It was great to be out and about in Sleaford and North Hykeham yesterday supporting @drcarolinej. Fantastic response on the doorstep!pic.twitter.com/E4ckxP082h
2016-11-19T13:54:18,pic.twitter.com/iA7fDT9XL0
2016-11-19T16:52:30,"Fantastic day campaigning in #SleafordAndNH, supporting @drcarolinej with the Women2Win teampic.twitter.com/msaoiT9HCX"
2016-11-19T17:49:59,.@theresecoffey invasion of the Liverpudlians  @JakeBerry @drcarolinej @RobertJenrick @mark_storer @kitmalthousepic.twitter.com/GIKzKxJvxq
2016-11-19T17:51:28,Lovely morning in sunny Lincs &amp; #S&amp;NH16 this morning with wonderful @lnconservatives @LincConSoc @lincolnfuturepic.twitter.com/gcOnZ9SjE8
2016-11-19T13:14:06,Great to support @drcarolinej @Conservatives with fab team of @Women2Win and @morton_wendy and @lynluxton4MPpic.twitter.com/Qry41l2QrG
2016-11-19T15:59:36,Enjoyed meeting local residents in Sleaford this morning to discuss my five point plan for Sleaford &amp; North Hykehampic.twitter.com/TBOBi8v42T
2016-11-19T15:52:12,Great afternoon campaigning in Metheringham with @theresecoffey &amp; @RobertJenrick &amp; lovely to meet Bonnie the Owl at the craft fairpic.twitter.com/Jky8mSyRsg
2016-11-19T12:56:38,"Great reception for @drcarolinej in Ancaster and now Metheringham with @RobertJenrick, Victoria Atkins &amp; great teampic.twitter.com/IBH0idXazq"
2016-11-18T17:32:17,Wishing everyone involved in #ChildrenInNeed fundraising today both locally and nationally the very best of luck. Make Pudsey proud!
2016-11-17T21:23:16,2/2 Also spoke to Michael at the village store + post office. Helping shops and businesses is part of my 5 point plan so keen to hear viewspic.twitter.com/IYj3xYMKx1
2016-11-17T21:21:06,1/2 Good chatting to local businesses in #Bassingham earlier including Richard who runs Hickson Quality Foods…pic.twitter.com/MjZxnL9oUh
2016-11-17T20:12:11,As a paediatrician and mum of three really happy to highlight #WorldPrematurityDay today and support premature babies and their families
2016-11-17T17:57:23,Spoke to @SleafordSt and @BBCRadioLincs today. Local media very important news feed for our communities so grateful for opportunity
2016-11-17T16:35:33,Great visit to @DoddingtonHall earlier. Thanks to Hannah for the tour. Very glad of recent grant by @heritagelottery to conserve rare itemspic.twitter.com/YPoKbWHjUn
2016-11-17T15:26:38,A busy morning campaigning in #Bassingham with @Patrick4Dales. A good response and nice to see people out and about in the wintry weatherpic.twitter.com/7k5Zac0aW5
2016-11-16T19:44:42,Enjoyed speaking to @GranthamJournal this evening about how I want to help and represent our communities in #Sleaford and #NorthHykeham
2016-11-16T13:44:46,Great talking to @WomensInstitute with @CllrKateCook at Osbournby Village Hall this weekpic.twitter.com/NHVEjzgyum
2016-11-16T09:31:46,New independent stats show that the employment rate for 50-64 year olds is the highest since records began in 1992pic.twitter.com/Mh8hQ26wTC
2016-11-16T09:56:38,Employment rate is at a record high of 74.5%. Read the full press release here http://ow.ly/9Mji306dJmo pic.twitter.com/xsKczbncfj
2016-11-13T12:35:52,Humbled to attend #RemembranceSunday this morning at #Sleaford Market Place to pay tribute to brave servicemen and women through the years
2016-11-12T14:50:34,Supporting the #poppyappeal today selling poppies in @asda North Hykeham. #whatwedo @PoppyLegionpic.twitter.com/1ksXd9GyTk
2016-11-12T15:49:42,Lovely afternoon leafletting North Hykeham for @drcarolinej with @lnconservatives colleaguespic.twitter.com/Ocq327y9rb
2016-11-12T15:35:17,Thank you to everyone who has helped campaign today in #Sleaford and #NorthHykeham. Support has been fantastic.pic.twitter.com/0xcWWSYirr
2016-11-11T18:32:13,Rural communities are the lifeblood of #Lincolnshire. Great talking to local #farmer James today. Will fight to help industry and families.pic.twitter.com/1aP7Rrbla3
2016-11-11T17:39:54,Met @Jeremy_Hunt today in #Sleaford. Talked about the importance of our local #NHS. Close to my heart as a Doctor for 15 years.pic.twitter.com/otpYLvtHB4
2016-11-11T16:53:21,Delighted and honoured to be selected as #Conservative candidate for #Sleaford &amp; #NorthHykeham last night
